{"type": "Collection Version", "uuid": "34950", "id": "2", "short_code": "uvl-billing", "name": "uvl-billing", "full_name": "UVL Billing", "description": "2", "collection_type": "Interface Terminology", "custom_validation_schema": "OpenMRS", "public_access": "View", "default_locale": "en", "supported_locales": ["fr"], "website": null, "url": "/orgs/UVL-Burundi/collections/uvl-billing/", "owner": "UVL-Burundi", "owner_type": "Organization", "owner_url": "/orgs/UVL-Burundi/", "version_url": "/orgs/UVL-Burundi/collections/uvl-billing/2/", "previous_version_url": "/orgs/UVL-Burundi/collections/uvl-billing/1/", "created_on": "2024-08-08T13:18:30.092895Z", "updated_on": "2024-08-08T13:18:30.515235Z", "created_by": "michaelbontyes", "updated_by": "michaelbontyes", "extras": {}, "external_id": null, "version": "2", "concepts_url": "/orgs/UVL-Burundi/collections/uvl-billing/2/concepts/", "mappings_url": "/orgs/UVL-Burundi/collections/uvl-billing/2/mappings/", "expansions_url": "/orgs/UVL-Burundi/collections/uvl-billing/2/expansions/", "is_processing": true, "released": true, "retired": false, "canonical_url": null, "identifier": {}, "publisher": null, "contact": {}, "jurisdiction": {}, "purpose": null, "copyright": null, "meta": null, "immutable": null, "revision_date": null, "text": null, "experimental": null, "locked_date": null, "autoexpand": true, "expansion_url": "/orgs/UVL-Burundi/collections/uvl-billing/2/expansions/autoexpand-2/", "checksums": {"smart": "92902765b1b6a8bdffe5a8e8748c28c6", "standard": "1ba560213088925372171a6b0a00efd7"}, "collection": {"id": "uvl-billing", "url": "/orgs/UVL-Burundi/collections/uvl-billing/", "meta": null, "name": "uvl-billing", "text": null, "type": "Collection", "uuid": "34948", "owner": "UVL-Burundi", "extras": {}, "contact": {}, "purpose": null, "version": "HEAD", "website": null, "logo_url": null, "checksums": {"smart": "04fde70eca94bbe8c50e4007a80a83a8", "standard": "1ba560213088925372171a6b0a00efd7"}, "copyright": null, "full_name": "UVL Billing", "immutable": null, "owner_url": "/orgs/UVL-Burundi/", "publisher": null, "created_by": "michaelbontyes", "created_on": "2024-08-08T12:52:31.458682Z", "identifier": {}, "owner_type": "Organization", "short_code": "uvl-billing", "updated_by": "michaelbontyes", "updated_on": "2024-08-08T13:18:05.641954Z", "description": null, "external_id": null, "locked_date": null, "concepts_url": "/orgs/UVL-Burundi/collections/uvl-billing/concepts/", "experimental": null, "jurisdiction": {}, "mappings_url": "/orgs/UVL-Burundi/collections/uvl-billing/mappings/", "versions_url": "/orgs/UVL-Burundi/collections/uvl-billing/versions/", "canonical_url": null, "expansion_url": "/orgs/UVL-Burundi/collections/uvl-billing/HEAD/expansions/autoexpand-HEAD/", "public_access": "View", "revision_date": null, "default_locale": "en", "expansions_url": "/orgs/UVL-Burundi/collections/uvl-billing/expansions/", "autoexpand_head": true, "collection_type": "Interface Terminology", "preferred_source": "", "supported_locales": ["en", "fr"], "custom_validation_schema": "OpenMRS", "custom_resources_linked_source": ""}, "concepts": [{"type": "Concept", "uuid": "5749611", "id": "5", "external_id": "1278be25-7282-4657-868e-edc9e7ae887a", "concept_class": "Misc", "datatype": "Text", "display_name": "Drug", "display_locale": "en", "names": [{"uuid": "19296463", "name": "Drug", "external_id": "96889d11-4b80-4f64-a90a-aafd44446f4a", "type": "ConceptName", "locale": "en", "locale_preferred": false, "name_type": "Fully-Specified", "checksum": "2fe645445f61a51c9fc5429869055b91"}], "descriptions": [], "extras": {}, "retired": false, "source": "uvl", "source_url": "/orgs/UVL-Burundi/sources/uvl/", "owner": "UVL-Burundi", "owner_name": "UVL-Burundi", "owner_url": "/orgs/UVL-Burundi/", "version": "5749611", "created_on": "2024-08-08T13:00:37.625237Z", "updated_on": "2024-08-08T13:00:37.652971Z", "version_created_on": "2024-08-08T13:00:37.625237Z", "version_created_by": "michaelbontyes", "update_comment": null, "is_latest_version": false, "locale": null, "url": "/orgs/UVL-Burundi/sources/uvl/concepts/5/", "owner_type": "Organization", "version_url": "/orgs/UVL-Burundi/sources/uvl/concepts/5/5749612/", "previous_version_url": null, "parent_concept_urls": [], "child_concept_urls": [], "version_updated_on": "2024-08-08T13:00:37.652971Z", "version_updated_by": "michaelbontyes", "checksums": {"smart": "c60e8e3b9552a992e1354b12cde0ffe1", "standard": "f7d39e7d99fee445914adfefaa7b37e7"}}, {"type": "Concept", "uuid": "5749609", "id": "4", "external_id": "46e6b318-3b5f-49f9-a1e7-c256aebb490f", "concept_class": "Misc", "datatype": "Text", "display_name": "Lab Test", "display_locale": "en", "names": [{"uuid": "19296461", "name": "Lab Test", "external_id": "d1f577a8-d519-4d2f-8561-cbcc905cac4e", "type": "ConceptName", "locale": "en", "locale_preferred": false, "name_type": "Fully-Specified", "checksum": "31bcef26669ec5c8ac48665a2bf58f0f"}], "descriptions": [], "extras": {}, "retired": false, "source": "uvl", "source_url": "/orgs/UVL-Burundi/sources/uvl/", "owner": "UVL-Burundi", "owner_name": "UVL-Burundi", "owner_url": "/orgs/UVL-Burundi/", "version": "5749609", "created_on": "2024-08-08T13:00:14.658575Z", "updated_on": "2024-08-08T13:00:14.692637Z", "version_created_on": "2024-08-08T13:00:14.658575Z", "version_created_by": "michaelbontyes", "update_comment": null, "is_latest_version": false, "locale": null, "url": "/orgs/UVL-Burundi/sources/uvl/concepts/4/", "owner_type": "Organization", "version_url": "/orgs/UVL-Burundi/sources/uvl/concepts/4/5749610/", "previous_version_url": null, "parent_concept_urls": [], "child_concept_urls": [], "version_updated_on": "2024-08-08T13:00:14.692637Z", "version_updated_by": "michaelbontyes", "checksums": {"smart": "bc14e8b2485e935025fc98c33a23b27b", "standard": "f52aea347ae10dc9a2db10e16985f6ff"}}, {"type": "Concept", "uuid": "5749607", "id": "3", "external_id": "bb33b27f-7d6e-4587-b86f-12426397f04e", "concept_class": "Misc", "datatype": "Text", "display_name": "Procedure", "display_locale": "en", "names": [{"uuid": "19296459", "name": "Procedure", "external_id": "bf6e1f70-ded3-4144-879f-fd5889bd5b1d", "type": "ConceptName", "locale": "en", "locale_preferred": false, "name_type": "Fully-Specified", "checksum": "7357038c147482b963a194944e680bad"}], "descriptions": [], "extras": {}, "retired": false, "source": "uvl", "source_url": "/orgs/UVL-Burundi/sources/uvl/", "owner": "UVL-Burundi", "owner_name": "UVL-Burundi", "owner_url": "/orgs/UVL-Burundi/", "version": "5749607", "created_on": "2024-08-08T12:59:55.650617Z", "updated_on": "2024-08-08T12:59:55.687000Z", "version_created_on": "2024-08-08T12:59:55.650617Z", "version_created_by": "michaelbontyes", "update_comment": null, "is_latest_version": false, "locale": null, "url": "/orgs/UVL-Burundi/sources/uvl/concepts/3/", "owner_type": "Organization", "version_url": "/orgs/UVL-Burundi/sources/uvl/concepts/3/5749608/", "previous_version_url": null, "parent_concept_urls": [], "child_concept_urls": [], "version_updated_on": "2024-08-08T12:59:55.687000Z", "version_updated_by": "michaelbontyes", "checksums": {"smart": "45793194b9b9e99f12f2cfaa8412cfbc", "standard": "93e2195a224703728e4bad4de33781ba"}}, {"type": "Concept", "uuid": "5749605", "id": "2", "external_id": "c46b30c7-3db3-4abe-a7c4-c9179f49767b", "concept_class": "Misc", "datatype": "Text", "display_name": "Visit", "display_locale": "en", "names": [{"uuid": "19296457", "name": "Visit", "external_id": "be938fc1-2624-46ce-a723-851d193bad00", "type": "ConceptName", "locale": "en", "locale_preferred": false, "name_type": "Fully-Specified", "checksum": "86c59ca418aa6064040e1f96b0f106b9"}], "descriptions": [], "extras": {}, "retired": false, "source": "uvl", "source_url": "/orgs/UVL-Burundi/sources/uvl/", "owner": "UVL-Burundi", "owner_name": "UVL-Burundi", "owner_url": "/orgs/UVL-Burundi/", "version": "5749605", "created_on": "2024-08-08T12:59:39.989587Z", "updated_on": "2024-08-08T12:59:40.055932Z", "version_created_on": "2024-08-08T12:59:39.989587Z", "version_created_by": "michaelbontyes", "update_comment": null, "is_latest_version": false, "locale": null, "url": "/orgs/UVL-Burundi/sources/uvl/concepts/2/", "owner_type": "Organization", "version_url": "/orgs/UVL-Burundi/sources/uvl/concepts/2/5749606/", "previous_version_url": null, "parent_concept_urls": [], "child_concept_urls": [], "version_updated_on": "2024-08-08T12:59:40.055932Z", "version_updated_by": "michaelbontyes", "checksums": {"smart": "7c4808ad8bf1f3a20f0eead48353b6ff", "standard": "3453778537026ca042180590db3f506a"}}, {"type": "Concept", "uuid": "5749603", "id": "1", "external_id": "49f1cfdf-498a-4984-8acb-eebf402c28eb", "concept_class": "ConvSet", "datatype": "None", "display_name": "Services", "display_locale": "en", "names": [{"uuid": "19296466", "name": "Services", "external_id": "75500384-9a8a-441a-af02-821937f89938", "type": "ConceptName", "locale": "en", "locale_preferred": false, "name_type": "Fully-Specified", "checksum": "d461112dfc7778684430b275a744935a"}], "descriptions": [], "extras": {"Is Set": 1}, "retired": false, "source": "uvl", "source_url": "/orgs/UVL-Burundi/sources/uvl/", "owner": "UVL-Burundi", "owner_name": "UVL-Burundi", "owner_url": "/orgs/UVL-Burundi/", "version": "5749603", "created_on": "2024-08-08T12:58:42.560854Z", "updated_on": "2024-08-08T13:13:16.166045Z", "version_created_on": "2024-08-08T12:58:42.560854Z", "version_created_by": "michaelbontyes", "update_comment": null, "is_latest_version": false, "locale": null, "url": "/orgs/UVL-Burundi/sources/uvl/concepts/1/", "owner_type": "Organization", "version_url": "/orgs/UVL-Burundi/sources/uvl/concepts/1/5749613/", "previous_version_url": null, "parent_concept_urls": [], "child_concept_urls": [], "version_updated_on": "2024-08-08T13:13:16.166045Z", "version_updated_by": "michaelbontyes", "checksums": {"smart": "ab57a8776faa60d65b2acbc5dc10e3a7", "standard": "b8f4e4a552ea2fe9e57ef7657cd5e8f1"}}], "references": [{"expression": "/orgs/UVL-Burundi/sources/uvl/mappings/8/", "reference_type": "mappings", "id": 7824058, "last_resolved_at": "2024-08-08T13:18:30.449674Z", "uri": "/orgs/UVL-Burundi/collections/uvl-billing/2/references/7824058/", "uuid": "7824058", "include": true, "type": "CollectionReference"}, {"expression": "/orgs/UVL-Burundi/sources/uvl/mappings/7/", "reference_type": "mappings", "id": 7824057, "last_resolved_at": "2024-08-08T13:18:30.416674Z", "uri": "/orgs/UVL-Burundi/collections/uvl-billing/2/references/7824057/", "uuid": "7824057", "include": true, "type": "CollectionReference"}, {"expression": "/orgs/UVL-Burundi/sources/uvl/mappings/6/", "reference_type": "mappings", "id": 7824056, "last_resolved_at": "2024-08-08T13:18:30.386448Z", "uri": "/orgs/UVL-Burundi/collections/uvl-billing/2/references/7824056/", "uuid": "7824056", "include": true, "type": "CollectionReference"}, {"expression": "/orgs/UVL-Burundi/sources/uvl/mappings/5/", "reference_type": "mappings", "id": 7824055, "last_resolved_at": "2024-08-08T13:18:30.355450Z", "uri": "/orgs/UVL-Burundi/collections/uvl-billing/2/references/7824055/", "uuid": "7824055", "include": true, "type": "CollectionReference"}, {"expression": "/orgs/UVL-Burundi/sources/uvl/concepts/5/", "reference_type": "concepts", "id": 7824054, "last_resolved_at": "2024-08-08T13:18:30.325005Z", "uri": "/orgs/UVL-Burundi/collections/uvl-billing/2/references/7824054/", "uuid": "7824054", "include": true, "type": "CollectionReference"}, {"expression": "/orgs/UVL-Burundi/sources/uvl/concepts/4/", "reference_type": "concepts", "id": 7824053, "last_resolved_at": "2024-08-08T13:18:30.290272Z", "uri": "/orgs/UVL-Burundi/collections/uvl-billing/2/references/7824053/", "uuid": "7824053", "include": true, "type": "CollectionReference"}, {"expression": "/orgs/UVL-Burundi/sources/uvl/concepts/3/", "reference_type": "concepts", "id": 7824052, "last_resolved_at": "2024-08-08T13:18:30.259622Z", "uri": "/orgs/UVL-Burundi/collections/uvl-billing/2/references/7824052/", "uuid": "7824052", "include": true, "type": "CollectionReference"}, {"expression": "/orgs/UVL-Burundi/sources/uvl/concepts/2/", "reference_type": "concepts", "id": 7824051, "last_resolved_at": "2024-08-08T13:18:30.228804Z", "uri": "/orgs/UVL-Burundi/collections/uvl-billing/2/references/7824051/", "uuid": "7824051", "include": true, "type": "CollectionReference"}, {"expression": "/orgs/UVL-Burundi/sources/uvl/concepts/1/", "reference_type": "concepts", "id": 7824050, "last_resolved_at": "2024-08-08T13:18:30.191271Z", "uri": "/orgs/UVL-Burundi/collections/uvl-billing/2/references/7824050/", "uuid": "7824050", "include": true, "type": "CollectionReference"}], "mappings": [{"extras": {}, "checksums": {"smart": "f8d95b52eef069bf1bb930f04ed3637b", "standard": "07ad48ac5255ea7d5ebcc81877daab75"}, "external_id": "493e9e51-3dd6-4063-9fac-c94dffd3e2b1", "retired": false, "map_type": "CONCEPT-SET", "source": "uvl", "owner": "UVL-Burundi", "owner_type": "Organization", "from_concept_code": "1", "from_concept_name": null, "from_concept_url": "/orgs/UVL-Burundi/sources/uvl/concepts/1/", "to_concept_code": "5", "to_concept_name": null, "to_concept_url": "/orgs/UVL-Burundi/sources/uvl/concepts/5/", "from_source_owner": "UVL-Burundi", "from_source_owner_type": "Organization", "from_source_url": "/orgs/UVL-Burundi/sources/uvl/", "from_source_name": "uvl", "to_source_owner": "UVL-Burundi", "to_source_owner_type": "Organization", "to_source_url": "/orgs/UVL-Burundi/sources/uvl/", "to_source_name": "uvl", "url": "/orgs/UVL-Burundi/sources/uvl/mappings/8/", "version": "8222183", "id": "8", "versioned_object_id": 8222183, "versioned_object_url": "/orgs/UVL-Burundi/sources/uvl/mappings/8/", "is_latest_version": false, "update_comment": null, "version_url": "/orgs/UVL-Burundi/sources/uvl/mappings/8/8222186/", "uuid": "8222183", "version_created_on": "2024-08-08T13:17:06.641334Z", "from_source_version": null, "to_source_version": null, "from_concept_name_resolved": "Services", "to_concept_name_resolved": "Drug", "type": "Mapping", "sort_weight": 3.0, "version_updated_on": "2024-08-08T13:17:18.534562Z", "version_updated_by": "michaelbontyes", "latest_source_version": null, "created_on": "2024-08-08T13:17:06.641334Z", "updated_on": "2024-08-08T13:17:18.534562Z", "created_by": "michaelbontyes", "updated_by": "michaelbontyes", "public_can_view": true}, {"extras": {}, "checksums": {"smart": "b481f405c803d55731c610cdc43da11e", "standard": "76f6491bab4455cd2778461b78b0cb6f"}, "external_id": "3974a49f-2f9b-412d-b61b-792bb55b3d37", "retired": false, "map_type": "CONCEPT-SET", "source": "uvl", "owner": "UVL-Burundi", "owner_type": "Organization", "from_concept_code": "1", "from_concept_name": null, "from_concept_url": "/orgs/UVL-Burundi/sources/uvl/concepts/1/", "to_concept_code": "3", "to_concept_name": null, "to_concept_url": "/orgs/UVL-Burundi/sources/uvl/concepts/3/", "from_source_owner": "UVL-Burundi", "from_source_owner_type": "Organization", "from_source_url": "/orgs/UVL-Burundi/sources/uvl/", "from_source_name": "uvl", "to_source_owner": "UVL-Burundi", "to_source_owner_type": "Organization", "to_source_url": "/orgs/UVL-Burundi/sources/uvl/", "to_source_name": "uvl", "url": "/orgs/UVL-Burundi/sources/uvl/mappings/7/", "version": "8222181", "id": "7", "versioned_object_id": 8222181, "versioned_object_url": "/orgs/UVL-Burundi/sources/uvl/mappings/7/", "is_latest_version": false, "update_comment": null, "version_url": "/orgs/UVL-Burundi/sources/uvl/mappings/7/8222185/", "uuid": "8222181", "version_created_on": "2024-08-08T13:16:46.104274Z", "from_source_version": null, "to_source_version": null, "from_concept_name_resolved": "Services", "to_concept_name_resolved": "Procedure", "type": "Mapping", "sort_weight": 2.0, "version_updated_on": "2024-08-08T13:17:18.521809Z", "version_updated_by": "michaelbontyes", "latest_source_version": null, "created_on": "2024-08-08T13:16:46.104274Z", "updated_on": "2024-08-08T13:17:18.521809Z", "created_by": "michaelbontyes", "updated_by": "michaelbontyes", "public_can_view": true}, {"extras": {}, "checksums": {"smart": "52e8801319157235da74369b37a7d584", "standard": "a0f5f0b1ebdd0c8fddc29306897dbd75"}, "external_id": "e6834925-fa39-4503-bd5a-9d8ac68d317b", "retired": false, "map_type": "CONCEPT-SET", "source": "uvl", "owner": "UVL-Burundi", "owner_type": "Organization", "from_concept_code": "1", "from_concept_name": null, "from_concept_url": "/orgs/UVL-Burundi/sources/uvl/concepts/1/", "to_concept_code": "4", "to_concept_name": null, "to_concept_url": "/orgs/UVL-Burundi/sources/uvl/concepts/4/", "from_source_owner": "UVL-Burundi", "from_source_owner_type": "Organization", "from_source_url": "/orgs/UVL-Burundi/sources/uvl/", "from_source_name": "uvl", "to_source_owner": "UVL-Burundi", "to_source_owner_type": "Organization", "to_source_url": "/orgs/UVL-Burundi/sources/uvl/", "to_source_name": "uvl", "url": "/orgs/UVL-Burundi/sources/uvl/mappings/6/", "version": "8222179", "id": "6", "versioned_object_id": 8222179, "versioned_object_url": "/orgs/UVL-Burundi/sources/uvl/mappings/6/", "is_latest_version": false, "update_comment": null, "version_url": "/orgs/UVL-Burundi/sources/uvl/mappings/6/8222188/", "uuid": "8222179", "version_created_on": "2024-08-08T13:16:25.684029Z", "from_source_version": null, "to_source_version": null, "from_concept_name_resolved": "Services", "to_concept_name_resolved": "Lab Test", "type": "Mapping", "sort_weight": 1.0, "version_updated_on": "2024-08-08T13:17:18.554323Z", "version_updated_by": "michaelbontyes", "latest_source_version": null, "created_on": "2024-08-08T13:16:25.684029Z", "updated_on": "2024-08-08T13:17:18.554323Z", "created_by": "michaelbontyes", "updated_by": "michaelbontyes", "public_can_view": true}, {"extras": {}, "checksums": {"smart": "ec00955802ae2ce6a6713dc0965b5d8e", "standard": "3494f290c54acbdb2ea4b44b2557dab6"}, "external_id": "fac06f58-017c-43b2-932a-c958fb3f9499", "retired": false, "map_type": "CONCEPT-SET", "source": "uvl", "owner": "UVL-Burundi", "owner_type": "Organization", "from_concept_code": "1", "from_concept_name": null, "from_concept_url": "/orgs/UVL-Burundi/sources/uvl/concepts/1/", "to_concept_code": "2", "to_concept_name": null, "to_concept_url": "/orgs/UVL-Burundi/sources/uvl/concepts/2/", "from_source_owner": "UVL-Burundi", "from_source_owner_type": "Organization", "from_source_url": "/orgs/UVL-Burundi/sources/uvl/", "from_source_name": "uvl", "to_source_owner": "UVL-Burundi", "to_source_owner_type": "Organization", "to_source_url": "/orgs/UVL-Burundi/sources/uvl/", "to_source_name": "uvl", "url": "/orgs/UVL-Burundi/sources/uvl/mappings/5/", "version": "8222177", "id": "5", "versioned_object_id": 8222177, "versioned_object_url": "/orgs/UVL-Burundi/sources/uvl/mappings/5/", "is_latest_version": false, "update_comment": null, "version_url": "/orgs/UVL-Burundi/sources/uvl/mappings/5/8222187/", "uuid": "8222177", "version_created_on": "2024-08-08T13:16:12.456236Z", "from_source_version": null, "to_source_version": null, "from_concept_name_resolved": "Services", "to_concept_name_resolved": "Visit", "type": "Mapping", "sort_weight": 0.0, "version_updated_on": "2024-08-08T13:17:18.552881Z", "version_updated_by": "michaelbontyes", "latest_source_version": null, "created_on": "2024-08-08T13:16:12.456236Z", "updated_on": "2024-08-08T13:17:18.552881Z", "created_by": "michaelbontyes", "updated_by": "michaelbontyes", "public_can_view": true}], "export_time": "7.62secs"}