{"type": "Collection Version", "uuid": "44896", "id": "v1", "short_code": "uvl-registration", "name": "uvl-registration", "full_name": "UVL Registration", "description": "Adds occupation and marital status concepts", "collection_type": "Interface Terminology", "custom_validation_schema": "None", "public_access": "View", "default_locale": "fr", "supported_locales": ["fr"], "website": null, "url": "/orgs/UVL-Burundi/collections/uvl-registration/", "owner": "UVL-Burundi", "owner_type": "Organization", "owner_url": "/orgs/UVL-Burundi/", "version_url": "/orgs/UVL-Burundi/collections/uvl-registration/v1/", "previous_version_url": "/orgs/UVL-Burundi/collections/uvl-registration/", "created_on": "2025-06-19T09:58:48.601165Z", "updated_on": "2025-06-19T09:58:49.189550Z", "created_by": "pirupius", "updated_by": "pirupius", "extras": {}, "external_id": null, "version": "v1", "concepts_url": "/orgs/UVL-Burundi/collections/uvl-registration/v1/concepts/", "mappings_url": "/orgs/UVL-Burundi/collections/uvl-registration/v1/mappings/", "expansions_url": "/orgs/UVL-Burundi/collections/uvl-registration/v1/expansions/", "is_processing": true, "released": true, "retired": false, "canonical_url": null, "identifier": {}, "publisher": null, "contact": {}, "jurisdiction": {}, "purpose": null, "copyright": null, "meta": null, "immutable": null, "revision_date": null, "text": null, "experimental": null, "locked_date": null, "autoexpand": true, "expansion_url": "/orgs/UVL-Burundi/collections/uvl-registration/v1/expansions/autoexpand-v1/", "checksums": {"smart": "176a6fee2ab7f10a70f3c3c3dedcab38", "standard": "9102a0f2b279c08b93c87fd6c980c0fe"}, "collection": {"id": "uvl-registration", "url": "/orgs/UVL-Burundi/collections/uvl-registration/", "meta": null, "name": "uvl-registration", "text": null, "type": "Collection", "uuid": "44895", "owner": "UVL-Burundi", "extras": {}, "contact": {}, "purpose": null, "version": "HEAD", "website": null, "logo_url": null, "checksums": {"smart": "c0a2d7cf3f2df04350a90d1c7cd293c3", "standard": "9102a0f2b279c08b93c87fd6c980c0fe"}, "copyright": null, "full_name": "UVL Registration", "immutable": null, "owner_url": "/orgs/UVL-Burundi/", "publisher": null, "created_by": "pirupius", "created_on": "2025-06-19T09:39:14.362902Z", "identifier": {}, "owner_type": "Organization", "short_code": "uvl-registration", "updated_by": "pirupius", "updated_on": "2025-06-19T09:39:33.604828Z", "description": "Collection of concepts used by UVL for registration", "external_id": null, "locked_date": null, "concepts_url": "/orgs/UVL-Burundi/collections/uvl-registration/concepts/", "experimental": null, "jurisdiction": {}, "mappings_url": "/orgs/UVL-Burundi/collections/uvl-registration/mappings/", "versions_url": "/orgs/UVL-Burundi/collections/uvl-registration/versions/", "canonical_url": null, "expansion_url": "/orgs/UVL-Burundi/collections/uvl-registration/HEAD/expansions/autoexpand-HEAD/", "public_access": "View", "revision_date": null, "default_locale": "fr", "expansions_url": "/orgs/UVL-Burundi/collections/uvl-registration/expansions/", "autoexpand_head": true, "collection_type": "Interface Terminology", "preferred_source": "", "supported_locales": ["fr"], "custom_validation_schema": "None", "custom_resources_linked_source": ""}, "concepts": [{"type": "Concept", "uuid": "8001060", "id": "7898119", "external_id": "555c7f80-0999-459b-b36e-48dcf97b2579", "concept_class": "Misc", "datatype": "None", "display_name": "Other (specify)", "display_locale": "en", "names": [{"uuid": "25501304", "name": "Other (specify)", "external_id": "b8a43b52-afbe-43ab-8109-de616331bcd6", "type": "ConceptName", "locale": "en", "locale_preferred": true, "name_type": "Fully specified", "checksum": "a09d235505b1cbb4e394a832c7917bc9"}, {"uuid": "25501305", "name": "Autre (pr\u00e9ciser)", "external_id": "b86ab159-6169-4d5e-9a2b-5a4ed18418dd", "type": "ConceptName", "locale": "fr", "locale_preferred": true, "name_type": "Fully specified", "checksum": "dc1cd12ab9d5988e65023a78bc916071"}], "descriptions": [], "extras": {}, "retired": false, "source": "uvl-custom", "source_url": "/orgs/UVL-Burundi/sources/uvl-custom/", "owner": "UVL-Burundi", "owner_name": "UVL-Burundi", "owner_url": "/orgs/UVL-Burundi/", "version": "8001060", "created_on": "2025-06-18T19:33:18.194737Z", "updated_on": "2025-06-18T19:33:18.208501Z", "version_created_on": "2025-06-18T19:33:18.194737Z", "version_created_by": "vasharma05", "update_comment": null, "is_latest_version": true, "locale": null, "url": "/orgs/UVL-Burundi/sources/uvl-custom/concepts/7898119/", "owner_type": "Organization", "version_url": "/orgs/UVL-Burundi/sources/uvl-custom/concepts/7898119/8001060/", "previous_version_url": null, "parent_concept_urls": [], "child_concept_urls": [], "version_updated_on": "2025-06-18T19:33:18.208501Z", "version_updated_by": "vasharma05", "checksums": {"smart": "d232ca31e3128ec9739182cb4b231089", "standard": "80f3df4cb00abf6de16669056cdb7123"}}, {"type": "Concept", "uuid": "8001058", "id": "7898118", "external_id": "7097e1c9-3509-4f86-b86a-c4cb84cd75d5", "concept_class": "Misc", "datatype": "None", "display_name": "Veteran", "display_locale": "en", "names": [{"uuid": "25501300", "name": "Veteran", "external_id": "416231c2-9cdb-439c-abd0-b0e1a1dabbea", "type": "ConceptName", "locale": "en", "locale_preferred": true, "name_type": "Fully specified", "checksum": "359853258167cb23e41d54a840cc4694"}, {"uuid": "25501301", "name": "Ancien combattant", "external_id": "d9541409-896f-4da2-86d8-bf5ef928def9", "type": "ConceptName", "locale": "fr", "locale_preferred": true, "name_type": "Fully specified", "checksum": "f4e18075bd523f597287f56cdc48472f"}], "descriptions": [], "extras": {}, "retired": false, "source": "uvl-custom", "source_url": "/orgs/UVL-Burundi/sources/uvl-custom/", "owner": "UVL-Burundi", "owner_name": "UVL-Burundi", "owner_url": "/orgs/UVL-Burundi/", "version": "8001058", "created_on": "2025-06-18T19:33:16.699244Z", "updated_on": "2025-06-18T19:33:16.705173Z", "version_created_on": "2025-06-18T19:33:16.699244Z", "version_created_by": "vasharma05", "update_comment": null, "is_latest_version": true, "locale": null, "url": "/orgs/UVL-Burundi/sources/uvl-custom/concepts/7898118/", "owner_type": "Organization", "version_url": "/orgs/UVL-Burundi/sources/uvl-custom/concepts/7898118/8001058/", "previous_version_url": null, "parent_concept_urls": [], "child_concept_urls": [], "version_updated_on": "2025-06-18T19:33:16.705173Z", "version_updated_by": "vasharma05", "checksums": {"smart": "fe6c39dd5656ec75e116788c3b481f36", "standard": "fcdaff429d215d74b8b60dc533ea416b"}}, {"type": "Concept", "uuid": "8001056", "id": "7898117", "external_id": "d7c191a9-3477-4a9f-b785-9a6b38c4742e", "concept_class": "Misc", "datatype": "None", "display_name": "Retired", "display_locale": "en", "names": [{"uuid": "25501296", "name": "Retired", "external_id": "d554976b-fb3e-46f4-9e39-d9b8fccadde2", "type": "ConceptName", "locale": "en", "locale_preferred": true, "name_type": "Fully specified", "checksum": "741ee6a5284fb9dd7df9217a7bde0502"}, {"uuid": "25501297", "name": "Retrait\u00e9(e)", "external_id": "d7b61c99-7304-401b-b777-3a578c4642f5", "type": "ConceptName", "locale": "fr", "locale_preferred": true, "name_type": "Fully specified", "checksum": "439e2a71dee76822e554685f650c0b3f"}], "descriptions": [], "extras": {}, "retired": false, "source": "uvl-custom", "source_url": "/orgs/UVL-Burundi/sources/uvl-custom/", "owner": "UVL-Burundi", "owner_name": "UVL-Burundi", "owner_url": "/orgs/UVL-Burundi/", "version": "8001056", "created_on": "2025-06-18T19:33:15.402418Z", "updated_on": "2025-06-18T19:33:15.409533Z", "version_created_on": "2025-06-18T19:33:15.402418Z", "version_created_by": "vasharma05", "update_comment": null, "is_latest_version": true, "locale": null, "url": "/orgs/UVL-Burundi/sources/uvl-custom/concepts/7898117/", "owner_type": "Organization", "version_url": "/orgs/UVL-Burundi/sources/uvl-custom/concepts/7898117/8001056/", "previous_version_url": null, "parent_concept_urls": [], "child_concept_urls": [], "version_updated_on": "2025-06-18T19:33:15.409533Z", "version_updated_by": "vasharma05", "checksums": {"smart": "e61b95f0b50f3cc61b77e0fc4e0c5942", "standard": "573ca377716654f63285cf23ed3e7f86"}}, {"type": "Concept", "uuid": "8001054", "id": "7898116", "external_id": "825d928a-ccd0-450f-ada2-00079f6e3733", "concept_class": "Misc", "datatype": "None", "display_name": "Unemployed", "display_locale": "en", "names": [{"uuid": "25501292", "name": "Unemployed", "external_id": "d7efa6a0-c374-4403-8ace-80d5e0c56010", "type": "ConceptName", "locale": "en", "locale_preferred": true, "name_type": "Fully specified", "checksum": "da59c04284dfaddc6e3849bf7a65f6d4"}, {"uuid": "25501293", "name": "Sans emploi/Ch\u00f4meur(euse)", "external_id": "9add54cb-e7e5-4ea7-b8d4-dc6ca90c897e", "type": "ConceptName", "locale": "fr", "locale_preferred": true, "name_type": "Fully specified", "checksum": "c9df3374e941bd903a73b8d04ab605aa"}], "descriptions": [], "extras": {}, "retired": false, "source": "uvl-custom", "source_url": "/orgs/UVL-Burundi/sources/uvl-custom/", "owner": "UVL-Burundi", "owner_name": "UVL-Burundi", "owner_url": "/orgs/UVL-Burundi/", "version": "8001054", "created_on": "2025-06-18T19:33:13.546886Z", "updated_on": "2025-06-18T19:33:13.555988Z", "version_created_on": "2025-06-18T19:33:13.546886Z", "version_created_by": "vasharma05", "update_comment": null, "is_latest_version": true, "locale": null, "url": "/orgs/UVL-Burundi/sources/uvl-custom/concepts/7898116/", "owner_type": "Organization", "version_url": "/orgs/UVL-Burundi/sources/uvl-custom/concepts/7898116/8001054/", "previous_version_url": null, "parent_concept_urls": [], "child_concept_urls": [], "version_updated_on": "2025-06-18T19:33:13.555988Z", "version_updated_by": "vasharma05", "checksums": {"smart": "60e45462e4aa3f4220aac52aa3c46c2a", "standard": "0d43fe079804272f6a7b9dbceeb0ba35"}}, {"type": "Concept", "uuid": "8001052", "id": "7898115", "external_id": "e8cec286-e2b5-4e61-b487-5209a5c1f8ee", "concept_class": "Misc", "datatype": "None", "display_name": "Government employee", "display_locale": "en", "names": [{"uuid": "25501288", "name": "Government employee", "external_id": "13c13ebc-3caa-4b69-bd3b-dc679456d78e", "type": "ConceptName", "locale": "en", "locale_preferred": true, "name_type": "Fully specified", "checksum": "e1949717bed65fe73e77139f8b8cc09e"}, {"uuid": "25501289", "name": "Fonctionnaire/Agent de l'\u00c9tat", "external_id": "10b056bf-96fa-4aac-b0bf-e394b9b1d064", "type": "ConceptName", "locale": "fr", "locale_preferred": true, "name_type": "Fully specified", "checksum": "a2ea85d285d47313d7fc56eda825299e"}], "descriptions": [], "extras": {}, "retired": false, "source": "uvl-custom", "source_url": "/orgs/UVL-Burundi/sources/uvl-custom/", "owner": "UVL-Burundi", "owner_name": "UVL-Burundi", "owner_url": "/orgs/UVL-Burundi/", "version": "8001052", "created_on": "2025-06-18T19:33:11.299899Z", "updated_on": "2025-06-18T19:33:11.308859Z", "version_created_on": "2025-06-18T19:33:11.299899Z", "version_created_by": "vasharma05", "update_comment": null, "is_latest_version": true, "locale": null, "url": "/orgs/UVL-Burundi/sources/uvl-custom/concepts/7898115/", "owner_type": "Organization", "version_url": "/orgs/UVL-Burundi/sources/uvl-custom/concepts/7898115/8001052/", "previous_version_url": null, "parent_concept_urls": [], "child_concept_urls": [], "version_updated_on": "2025-06-18T19:33:11.308859Z", "version_updated_by": "vasharma05", "checksums": {"smart": "7f4efc307d699e8d2918d78af78d511f", "standard": "90b41d24439376a58eba089e3d3ed309"}}, {"type": "Concept", "uuid": "8001050", "id": "7898114", "external_id": "eb422626-fd38-4136-abb3-224cf22ea6a3", "concept_class": "Misc", "datatype": "None", "display_name": "Farmer/Livestock keeper", "display_locale": "en", "names": [{"uuid": "25501284", "name": "Farmer/Livestock keeper", "external_id": "ab4ba123-05b7-4472-9ba1-0007cdaf18e1", "type": "ConceptName", "locale": "en", "locale_preferred": true, "name_type": "Fully specified", "checksum": "efa26f2cb4f6a0c55ace5b5205b87ef1"}, {"uuid": "25501285", "name": "Agriculteur(trice)/\u00c9leveur(se)", "external_id": "765b29c8-f3ea-4080-aa72-14cd2730dd88", "type": "ConceptName", "locale": "fr", "locale_preferred": true, "name_type": "Fully specified", "checksum": "0bca5083262562077fdc52fdfbf68f88"}], "descriptions": [], "extras": {}, "retired": false, "source": "uvl-custom", "source_url": "/orgs/UVL-Burundi/sources/uvl-custom/", "owner": "UVL-Burundi", "owner_name": "UVL-Burundi", "owner_url": "/orgs/UVL-Burundi/", "version": "8001050", "created_on": "2025-06-18T19:33:09.970969Z", "updated_on": "2025-06-18T19:33:09.978516Z", "version_created_on": "2025-06-18T19:33:09.970969Z", "version_created_by": "vasharma05", "update_comment": null, "is_latest_version": true, "locale": null, "url": "/orgs/UVL-Burundi/sources/uvl-custom/concepts/7898114/", "owner_type": "Organization", "version_url": "/orgs/UVL-Burundi/sources/uvl-custom/concepts/7898114/8001050/", "previous_version_url": null, "parent_concept_urls": [], "child_concept_urls": [], "version_updated_on": "2025-06-18T19:33:09.978516Z", "version_updated_by": "vasharma05", "checksums": {"smart": "2ce591e8c6c97d2a6f424ad927a0ba89", "standard": "cc815dd2b0ce0cbbc0eada287166d315"}}, {"type": "Concept", "uuid": "8001048", "id": "7898113", "external_id": "b1effaa8-afeb-41f5-9226-0bdcc52a6ea9", "concept_class": "Question", "datatype": "Coded", "display_name": "Occupation", "display_locale": "en", "names": [{"uuid": "25501280", "name": "Occupation", "external_id": "2dca273e-e93c-46c9-a2e4-9d7930ba8e39", "type": "ConceptName", "locale": "en", "locale_preferred": true, "name_type": "Fully specified", "checksum": "dbec640f71c3319ccf9fb5973673ca8e"}, {"uuid": "25501281", "name": "Profession", "external_id": "138c8d76-0501-4b85-bc35-38aa2cfbbcf2", "type": "ConceptName", "locale": "fr", "locale_preferred": true, "name_type": "Fully specified", "checksum": "056ce879eb920026ec894277b1c8a53d"}], "descriptions": [], "extras": {}, "retired": false, "source": "uvl-custom", "source_url": "/orgs/UVL-Burundi/sources/uvl-custom/", "owner": "UVL-Burundi", "owner_name": "UVL-Burundi", "owner_url": "/orgs/UVL-Burundi/", "version": "8001048", "created_on": "2025-06-18T19:33:08.714501Z", "updated_on": "2025-06-18T19:33:08.721607Z", "version_created_on": "2025-06-18T19:33:08.714501Z", "version_created_by": "vasharma05", "update_comment": null, "is_latest_version": true, "locale": null, "url": "/orgs/UVL-Burundi/sources/uvl-custom/concepts/7898113/", "owner_type": "Organization", "version_url": "/orgs/UVL-Burundi/sources/uvl-custom/concepts/7898113/8001048/", "previous_version_url": null, "parent_concept_urls": [], "child_concept_urls": [], "version_updated_on": "2025-06-18T19:33:08.721607Z", "version_updated_by": "vasharma05", "checksums": {"smart": "d4cc5f1280640c61510def82a2167306", "standard": "2ca0caf419db3899bb79e649b8ef404e"}}, {"type": "Concept", "uuid": "8001046", "id": "7898112", "external_id": "47bbf63b-7178-4b18-a413-f86a9a5fd71b", "concept_class": "Misc", "datatype": "None", "display_name": "Widowed", "display_locale": "en", "names": [{"uuid": "25501276", "name": "Widowed", "external_id": "1bbd9265-ef98-4b4d-a4d6-27f90958263a", "type": "ConceptName", "locale": "en", "locale_preferred": true, "name_type": "Fully specified", "checksum": "bdbc0ee219ce7bc9e225cf8b02f6433d"}, {"uuid": "25501277", "name": "Veuf/Veuve", "external_id": "581fb52b-ab9a-41f3-a53d-25bce397b561", "type": "ConceptName", "locale": "fr", "locale_preferred": true, "name_type": "Fully specified", "checksum": "163d6d834ab3ca3ba02d61cf1aa26010"}], "descriptions": [], "extras": {}, "retired": false, "source": "uvl-custom", "source_url": "/orgs/UVL-Burundi/sources/uvl-custom/", "owner": "UVL-Burundi", "owner_name": "UVL-Burundi", "owner_url": "/orgs/UVL-Burundi/", "version": "8001046", "created_on": "2025-06-18T19:33:07.099757Z", "updated_on": "2025-06-18T19:33:07.106831Z", "version_created_on": "2025-06-18T19:33:07.099757Z", "version_created_by": "vasharma05", "update_comment": null, "is_latest_version": true, "locale": null, "url": "/orgs/UVL-Burundi/sources/uvl-custom/concepts/7898112/", "owner_type": "Organization", "version_url": "/orgs/UVL-Burundi/sources/uvl-custom/concepts/7898112/8001046/", "previous_version_url": null, "parent_concept_urls": [], "child_concept_urls": [], "version_updated_on": "2025-06-18T19:33:07.106831Z", "version_updated_by": "vasharma05", "checksums": {"smart": "d5650f71c04b612d5f39a1a4411f9d31", "standard": "06f70ace33a87fbee51efe97385c3a18"}}, {"type": "Concept", "uuid": "8001044", "id": "7898111", "external_id": "90beaf51-0eed-4c13-a1a8-33322a4521d3", "concept_class": "Misc", "datatype": "None", "display_name": "Divorced", "display_locale": "en", "names": [{"uuid": "25501272", "name": "Divorced", "external_id": "feff816c-132d-453e-9aa5-3e72483f9ec7", "type": "ConceptName", "locale": "en", "locale_preferred": true, "name_type": "Fully specified", "checksum": "eaeb58da69778583b00ac43ae1c694b5"}, {"uuid": "25501273", "name": "Divorc\u00e9(e)", "external_id": "c2afb187-1b56-434d-9010-9ba3f8e86e0e", "type": "ConceptName", "locale": "fr", "locale_preferred": true, "name_type": "Fully specified", "checksum": "091d3dbbc0157a24f73fdf7cf04bb1a8"}], "descriptions": [], "extras": {}, "retired": false, "source": "uvl-custom", "source_url": "/orgs/UVL-Burundi/sources/uvl-custom/", "owner": "UVL-Burundi", "owner_name": "UVL-Burundi", "owner_url": "/orgs/UVL-Burundi/", "version": "8001044", "created_on": "2025-06-18T19:33:05.661703Z", "updated_on": "2025-06-18T19:33:05.669262Z", "version_created_on": "2025-06-18T19:33:05.661703Z", "version_created_by": "vasharma05", "update_comment": null, "is_latest_version": true, "locale": null, "url": "/orgs/UVL-Burundi/sources/uvl-custom/concepts/7898111/", "owner_type": "Organization", "version_url": "/orgs/UVL-Burundi/sources/uvl-custom/concepts/7898111/8001044/", "previous_version_url": null, "parent_concept_urls": [], "child_concept_urls": [], "version_updated_on": "2025-06-18T19:33:05.669262Z", "version_updated_by": "vasharma05", "checksums": {"smart": "3ea517ea4ee08cb1fcd15f9da0fa22b3", "standard": "0872bacfdea260d7389c57e6441f4d8b"}}, {"type": "Concept", "uuid": "8001042", "id": "7898110", "external_id": "eba1d5f9-c2da-4d15-b892-ac4c57caa127", "concept_class": "Misc", "datatype": "None", "display_name": "Married", "display_locale": "en", "names": [{"uuid": "25501268", "name": "Married", "external_id": "44f34ef2-782d-4a6c-baf3-9d4ac7ea01d5", "type": "ConceptName", "locale": "en", "locale_preferred": true, "name_type": "Fully specified", "checksum": "beff9d16c5ade4f1101c960e04d5dba4"}, {"uuid": "25501269", "name": "Mari\u00e9(e)", "external_id": "41ceba87-4959-4773-9727-31b392b02209", "type": "ConceptName", "locale": "fr", "locale_preferred": true, "name_type": "Fully specified", "checksum": "e339586b87fe62a996eda55a2de2bc8e"}], "descriptions": [], "extras": {}, "retired": false, "source": "uvl-custom", "source_url": "/orgs/UVL-Burundi/sources/uvl-custom/", "owner": "UVL-Burundi", "owner_name": "UVL-Burundi", "owner_url": "/orgs/UVL-Burundi/", "version": "8001042", "created_on": "2025-06-18T19:33:04.187238Z", "updated_on": "2025-06-18T19:33:04.195214Z", "version_created_on": "2025-06-18T19:33:04.187238Z", "version_created_by": "vasharma05", "update_comment": null, "is_latest_version": true, "locale": null, "url": "/orgs/UVL-Burundi/sources/uvl-custom/concepts/7898110/", "owner_type": "Organization", "version_url": "/orgs/UVL-Burundi/sources/uvl-custom/concepts/7898110/8001042/", "previous_version_url": null, "parent_concept_urls": [], "child_concept_urls": [], "version_updated_on": "2025-06-18T19:33:04.195214Z", "version_updated_by": "vasharma05", "checksums": {"smart": "8849bdc8a2ba1ad2c56cf821d54ae938", "standard": "1474bee7cbad78fb26a363a7a98d21ff"}}, {"type": "Concept", "uuid": "8001040", "id": "7898109", "external_id": "3aeeb722-4e07-46d5-82ac-0fc1e7a68194", "concept_class": "Misc", "datatype": "None", "display_name": "Single", "display_locale": "en", "names": [{"uuid": "25501264", "name": "Single", "external_id": "d7077327-7f9b-4cb0-88ca-ed7d42a31748", "type": "ConceptName", "locale": "en", "locale_preferred": true, "name_type": "Fully specified", "checksum": "0f60c99436d70ddd6f15e8c8749a2571"}, {"uuid": "25501265", "name": "C\u00e9libataire", "external_id": "48052d23-c7d6-41b5-bd31-4a332b3f11d0", "type": "ConceptName", "locale": "fr", "locale_preferred": true, "name_type": "Fully specified", "checksum": "165c1c64bd0862b81ecf78aa19303155"}], "descriptions": [], "extras": {}, "retired": false, "source": "uvl-custom", "source_url": "/orgs/UVL-Burundi/sources/uvl-custom/", "owner": "UVL-Burundi", "owner_name": "UVL-Burundi", "owner_url": "/orgs/UVL-Burundi/", "version": "8001040", "created_on": "2025-06-18T19:33:02.641130Z", "updated_on": "2025-06-18T19:33:02.649728Z", "version_created_on": "2025-06-18T19:33:02.641130Z", "version_created_by": "vasharma05", "update_comment": null, "is_latest_version": true, "locale": null, "url": "/orgs/UVL-Burundi/sources/uvl-custom/concepts/7898109/", "owner_type": "Organization", "version_url": "/orgs/UVL-Burundi/sources/uvl-custom/concepts/7898109/8001040/", "previous_version_url": null, "parent_concept_urls": [], "child_concept_urls": [], "version_updated_on": "2025-06-18T19:33:02.649728Z", "version_updated_by": "vasharma05", "checksums": {"smart": "50e5d0e9467c4d02d5a21753b8dba5fb", "standard": "c8e5324aef02a4ac43c77cfe857da475"}}, {"type": "Concept", "uuid": "8001038", "id": "7898108", "external_id": "1732bde0-dcf0-4aea-9ea4-470f08b7675c", "concept_class": "Question", "datatype": "Coded", "display_name": "Marital Status", "display_locale": "en", "names": [{"uuid": "25501260", "name": "Marital Status", "external_id": "bc1404db-3979-4fae-8035-4e058af03091", "type": "ConceptName", "locale": "en", "locale_preferred": true, "name_type": "Fully specified", "checksum": "8eec0c46c58281894ab3dcd7762f31ba"}, {"uuid": "25501261", "name": "Statut matrimonial", "external_id": "bb0fcc71-10a5-41a7-86e4-f4b892deb290", "type": "ConceptName", "locale": "fr", "locale_preferred": true, "name_type": "Fully specified", "checksum": "b4745edb5ca12fc68ddfdde95fe239dd"}], "descriptions": [], "extras": {}, "retired": false, "source": "uvl-custom", "source_url": "/orgs/UVL-Burundi/sources/uvl-custom/", "owner": "UVL-Burundi", "owner_name": "UVL-Burundi", "owner_url": "/orgs/UVL-Burundi/", "version": "8001038", "created_on": "2025-06-18T19:33:00.541187Z", "updated_on": "2025-06-18T19:33:00.568637Z", "version_created_on": "2025-06-18T19:33:00.541187Z", "version_created_by": "vasharma05", "update_comment": null, "is_latest_version": true, "locale": null, "url": "/orgs/UVL-Burundi/sources/uvl-custom/concepts/7898108/", "owner_type": "Organization", "version_url": "/orgs/UVL-Burundi/sources/uvl-custom/concepts/7898108/8001038/", "previous_version_url": null, "parent_concept_urls": [], "child_concept_urls": [], "version_updated_on": "2025-06-18T19:33:00.568637Z", "version_updated_by": "vasharma05", "checksums": {"smart": "0bc2b393d660f26a6962d1fe46c85ccb", "standard": "26546c51d2c7d742aa77287da72c474a"}}], "references": [{"expression": "/orgs/UVL-Burundi/sources/uvl-custom/mappings/1365/", "reference_type": "mappings", "id": 11083023, "last_resolved_at": "2025-06-19T09:58:49.132316Z", "uri": "/orgs/UVL-Burundi/collections/uvl-registration/v1/references/11083023/", "uuid": "11083023", "include": true, "type": "CollectionReference", "code": "1365", "resource_version": null, "namespace": null, "system": "/orgs/UVL-Burundi/sources/uvl-custom/", "version": null, "valueset": null, "cascade": null, "filter": null, "display": null, "created_at": "2025-06-19T09:58:49.134112Z", "updated_at": "2025-06-19T09:58:49.134123Z", "concepts": 0, "mappings": 1, "translation": "Include latest mapping \"1365\" from UVL-Burundi/uvl-custom", "transform": null}, {"expression": "/orgs/UVL-Burundi/sources/uvl-custom/mappings/1364/", "reference_type": "mappings", "id": 11083022, "last_resolved_at": "2025-06-19T09:58:49.112241Z", "uri": "/orgs/UVL-Burundi/collections/uvl-registration/v1/references/11083022/", "uuid": "11083022", "include": true, "type": "CollectionReference", "code": "1364", "resource_version": null, "namespace": null, "system": "/orgs/UVL-Burundi/sources/uvl-custom/", "version": null, "valueset": null, "cascade": null, "filter": null, "display": null, "created_at": "2025-06-19T09:58:49.114003Z", "updated_at": "2025-06-19T09:58:49.114015Z", "concepts": 0, "mappings": 1, "translation": "Include latest mapping \"1364\" from UVL-Burundi/uvl-custom", "transform": null}, {"expression": "/orgs/UVL-Burundi/sources/uvl-custom/mappings/1362/", "reference_type": "mappings", "id": 11083021, "last_resolved_at": "2025-06-19T09:58:49.090781Z", "uri": "/orgs/UVL-Burundi/collections/uvl-registration/v1/references/11083021/", "uuid": "11083021", "include": true, "type": "CollectionReference", "code": "1362", "resource_version": null, "namespace": null, "system": "/orgs/UVL-Burundi/sources/uvl-custom/", "version": null, "valueset": null, "cascade": null, "filter": null, "display": null, "created_at": "2025-06-19T09:58:49.092614Z", "updated_at": "2025-06-19T09:58:49.092625Z", "concepts": 0, "mappings": 1, "translation": "Include latest mapping \"1362\" from UVL-Burundi/uvl-custom", "transform": null}, {"expression": "/orgs/UVL-Burundi/sources/uvl-custom/mappings/1363/", "reference_type": "mappings", "id": 11083020, "last_resolved_at": "2025-06-19T09:58:49.068976Z", "uri": "/orgs/UVL-Burundi/collections/uvl-registration/v1/references/11083020/", "uuid": "11083020", "include": true, "type": "CollectionReference", "code": "1363", "resource_version": null, "namespace": null, "system": "/orgs/UVL-Burundi/sources/uvl-custom/", "version": null, "valueset": null, "cascade": null, "filter": null, "display": null, "created_at": "2025-06-19T09:58:49.070828Z", "updated_at": "2025-06-19T09:58:49.070841Z", "concepts": 0, "mappings": 1, "translation": "Include latest mapping \"1363\" from UVL-Burundi/uvl-custom", "transform": null}, {"expression": "/orgs/UVL-Burundi/sources/uvl-custom/concepts/7898108/", "reference_type": "concepts", "id": 11083019, "last_resolved_at": "2025-06-19T09:58:49.048742Z", "uri": "/orgs/UVL-Burundi/collections/uvl-registration/v1/references/11083019/", "uuid": "11083019", "include": true, "type": "CollectionReference", "code": "7898108", "resource_version": null, "namespace": null, "system": "/orgs/UVL-Burundi/sources/uvl-custom/", "version": null, "valueset": null, "cascade": null, "filter": null, "display": null, "created_at": "2025-06-19T09:58:49.050514Z", "updated_at": "2025-06-19T09:58:49.050524Z", "concepts": 1, "mappings": 0, "translation": "Include latest concept \"7898108\" from UVL-Burundi/uvl-custom", "transform": null}, {"expression": "/orgs/UVL-Burundi/sources/uvl-custom/concepts/7898109/", "reference_type": "concepts", "id": 11083018, "last_resolved_at": "2025-06-19T09:58:49.027226Z", "uri": "/orgs/UVL-Burundi/collections/uvl-registration/v1/references/11083018/", "uuid": "11083018", "include": true, "type": "CollectionReference", "code": "7898109", "resource_version": null, "namespace": null, "system": "/orgs/UVL-Burundi/sources/uvl-custom/", "version": null, "valueset": null, "cascade": null, "filter": null, "display": null, "created_at": "2025-06-19T09:58:49.028961Z", "updated_at": "2025-06-19T09:58:49.028971Z", "concepts": 1, "mappings": 0, "translation": "Include latest concept \"7898109\" from UVL-Burundi/uvl-custom", "transform": null}, {"expression": "/orgs/UVL-Burundi/sources/uvl-custom/concepts/7898110/", "reference_type": "concepts", "id": 11083017, "last_resolved_at": "2025-06-19T09:58:49.004932Z", "uri": "/orgs/UVL-Burundi/collections/uvl-registration/v1/references/11083017/", "uuid": "11083017", "include": true, "type": "CollectionReference", "code": "7898110", "resource_version": null, "namespace": null, "system": "/orgs/UVL-Burundi/sources/uvl-custom/", "version": null, "valueset": null, "cascade": null, "filter": null, "display": null, "created_at": "2025-06-19T09:58:49.006933Z", "updated_at": "2025-06-19T09:58:49.006943Z", "concepts": 1, "mappings": 0, "translation": "Include latest concept \"7898110\" from UVL-Burundi/uvl-custom", "transform": null}, {"expression": "/orgs/UVL-Burundi/sources/uvl-custom/concepts/7898111/", "reference_type": "concepts", "id": 11083016, "last_resolved_at": "2025-06-19T09:58:48.983324Z", "uri": "/orgs/UVL-Burundi/collections/uvl-registration/v1/references/11083016/", "uuid": "11083016", "include": true, "type": "CollectionReference", "code": "7898111", "resource_version": null, "namespace": null, "system": "/orgs/UVL-Burundi/sources/uvl-custom/", "version": null, "valueset": null, "cascade": null, "filter": null, "display": null, "created_at": "2025-06-19T09:58:48.985108Z", "updated_at": "2025-06-19T09:58:48.985147Z", "concepts": 1, "mappings": 0, "translation": "Include latest concept \"7898111\" from UVL-Burundi/uvl-custom", "transform": null}, {"expression": "/orgs/UVL-Burundi/sources/uvl-custom/concepts/7898112/", "reference_type": "concepts", "id": 11083015, "last_resolved_at": "2025-06-19T09:58:48.960047Z", "uri": "/orgs/UVL-Burundi/collections/uvl-registration/v1/references/11083015/", "uuid": "11083015", "include": true, "type": "CollectionReference", "code": "7898112", "resource_version": null, "namespace": null, "system": "/orgs/UVL-Burundi/sources/uvl-custom/", "version": null, "valueset": null, "cascade": null, "filter": null, "display": null, "created_at": "2025-06-19T09:58:48.961888Z", "updated_at": "2025-06-19T09:58:48.961898Z", "concepts": 1, "mappings": 0, "translation": "Include latest concept \"7898112\" from UVL-Burundi/uvl-custom", "transform": null}, {"expression": "/orgs/UVL-Burundi/sources/uvl-custom/mappings/1369/", "reference_type": "mappings", "id": 11083014, "last_resolved_at": "2025-06-19T09:58:48.939162Z", "uri": "/orgs/UVL-Burundi/collections/uvl-registration/v1/references/11083014/", "uuid": "11083014", "include": true, "type": "CollectionReference", "code": "1369", "resource_version": null, "namespace": null, "system": "/orgs/UVL-Burundi/sources/uvl-custom/", "version": null, "valueset": null, "cascade": null, "filter": null, "display": null, "created_at": "2025-06-19T09:58:48.941030Z", "updated_at": "2025-06-19T09:58:48.941040Z", "concepts": 0, "mappings": 1, "translation": "Include latest mapping \"1369\" from UVL-Burundi/uvl-custom", "transform": null}, {"expression": "/orgs/UVL-Burundi/sources/uvl-custom/mappings/1367/", "reference_type": "mappings", "id": 11083013, "last_resolved_at": "2025-06-19T09:58:48.915906Z", "uri": "/orgs/UVL-Burundi/collections/uvl-registration/v1/references/11083013/", "uuid": "11083013", "include": true, "type": "CollectionReference", "code": "1367", "resource_version": null, "namespace": null, "system": "/orgs/UVL-Burundi/sources/uvl-custom/", "version": null, "valueset": null, "cascade": null, "filter": null, "display": null, "created_at": "2025-06-19T09:58:48.917770Z", "updated_at": "2025-06-19T09:58:48.917780Z", "concepts": 0, "mappings": 1, "translation": "Include latest mapping \"1367\" from UVL-Burundi/uvl-custom", "transform": null}, {"expression": "/orgs/UVL-Burundi/sources/uvl-custom/mappings/1366/", "reference_type": "mappings", "id": 11083012, "last_resolved_at": "2025-06-19T09:58:48.894082Z", "uri": "/orgs/UVL-Burundi/collections/uvl-registration/v1/references/11083012/", "uuid": "11083012", "include": true, "type": "CollectionReference", "code": "1366", "resource_version": null, "namespace": null, "system": "/orgs/UVL-Burundi/sources/uvl-custom/", "version": null, "valueset": null, "cascade": null, "filter": null, "display": null, "created_at": "2025-06-19T09:58:48.895927Z", "updated_at": "2025-06-19T09:58:48.895937Z", "concepts": 0, "mappings": 1, "translation": "Include latest mapping \"1366\" from UVL-Burundi/uvl-custom", "transform": null}, {"expression": "/orgs/UVL-Burundi/sources/uvl-custom/mappings/1371/", "reference_type": "mappings", "id": 11083011, "last_resolved_at": "2025-06-19T09:58:48.870853Z", "uri": "/orgs/UVL-Burundi/collections/uvl-registration/v1/references/11083011/", "uuid": "11083011", "include": true, "type": "CollectionReference", "code": "1371", "resource_version": null, "namespace": null, "system": "/orgs/UVL-Burundi/sources/uvl-custom/", "version": null, "valueset": null, "cascade": null, "filter": null, "display": null, "created_at": "2025-06-19T09:58:48.872644Z", "updated_at": "2025-06-19T09:58:48.872655Z", "concepts": 0, "mappings": 1, "translation": "Include latest mapping \"1371\" from UVL-Burundi/uvl-custom", "transform": null}, {"expression": "/orgs/UVL-Burundi/sources/uvl-custom/mappings/1370/", "reference_type": "mappings", "id": 11083010, "last_resolved_at": "2025-06-19T09:58:48.850493Z", "uri": "/orgs/UVL-Burundi/collections/uvl-registration/v1/references/11083010/", "uuid": "11083010", "include": true, "type": "CollectionReference", "code": "1370", "resource_version": null, "namespace": null, "system": "/orgs/UVL-Burundi/sources/uvl-custom/", "version": null, "valueset": null, "cascade": null, "filter": null, "display": null, "created_at": "2025-06-19T09:58:48.852358Z", "updated_at": "2025-06-19T09:58:48.852370Z", "concepts": 0, "mappings": 1, "translation": "Include latest mapping \"1370\" from UVL-Burundi/uvl-custom", "transform": null}, {"expression": "/orgs/UVL-Burundi/sources/uvl-custom/mappings/1368/", "reference_type": "mappings", "id": 11083009, "last_resolved_at": "2025-06-19T09:58:48.827683Z", "uri": "/orgs/UVL-Burundi/collections/uvl-registration/v1/references/11083009/", "uuid": "11083009", "include": true, "type": "CollectionReference", "code": "1368", "resource_version": null, "namespace": null, "system": "/orgs/UVL-Burundi/sources/uvl-custom/", "version": null, "valueset": null, "cascade": null, "filter": null, "display": null, "created_at": "2025-06-19T09:58:48.829519Z", "updated_at": "2025-06-19T09:58:48.829529Z", "concepts": 0, "mappings": 1, "translation": "Include latest mapping \"1368\" from UVL-Burundi/uvl-custom", "transform": null}, {"expression": "/orgs/UVL-Burundi/sources/uvl-custom/concepts/7898113/", "reference_type": "concepts", "id": 11083008, "last_resolved_at": "2025-06-19T09:58:48.806522Z", "uri": "/orgs/UVL-Burundi/collections/uvl-registration/v1/references/11083008/", "uuid": "11083008", "include": true, "type": "CollectionReference", "code": "7898113", "resource_version": null, "namespace": null, "system": "/orgs/UVL-Burundi/sources/uvl-custom/", "version": null, "valueset": null, "cascade": null, "filter": null, "display": null, "created_at": "2025-06-19T09:58:48.808459Z", "updated_at": "2025-06-19T09:58:48.808469Z", "concepts": 1, "mappings": 0, "translation": "Include latest concept \"7898113\" from UVL-Burundi/uvl-custom", "transform": null}, {"expression": "/orgs/UVL-Burundi/sources/uvl-custom/concepts/7898114/", "reference_type": "concepts", "id": 11083007, "last_resolved_at": "2025-06-19T09:58:48.786070Z", "uri": "/orgs/UVL-Burundi/collections/uvl-registration/v1/references/11083007/", "uuid": "11083007", "include": true, "type": "CollectionReference", "code": "7898114", "resource_version": null, "namespace": null, "system": "/orgs/UVL-Burundi/sources/uvl-custom/", "version": null, "valueset": null, "cascade": null, "filter": null, "display": null, "created_at": "2025-06-19T09:58:48.787851Z", "updated_at": "2025-06-19T09:58:48.787863Z", "concepts": 1, "mappings": 0, "translation": "Include latest concept \"7898114\" from UVL-Burundi/uvl-custom", "transform": null}, {"expression": "/orgs/UVL-Burundi/sources/uvl-custom/concepts/7898115/", "reference_type": "concepts", "id": 11083006, "last_resolved_at": "2025-06-19T09:58:48.764521Z", "uri": "/orgs/UVL-Burundi/collections/uvl-registration/v1/references/11083006/", "uuid": "11083006", "include": true, "type": "CollectionReference", "code": "7898115", "resource_version": null, "namespace": null, "system": "/orgs/UVL-Burundi/sources/uvl-custom/", "version": null, "valueset": null, "cascade": null, "filter": null, "display": null, "created_at": "2025-06-19T09:58:48.766278Z", "updated_at": "2025-06-19T09:58:48.766290Z", "concepts": 1, "mappings": 0, "translation": "Include latest concept \"7898115\" from UVL-Burundi/uvl-custom", "transform": null}, {"expression": "/orgs/UVL-Burundi/sources/uvl-custom/concepts/7898116/", "reference_type": "concepts", "id": 11083005, "last_resolved_at": "2025-06-19T09:58:48.743816Z", "uri": "/orgs/UVL-Burundi/collections/uvl-registration/v1/references/11083005/", "uuid": "11083005", "include": true, "type": "CollectionReference", "code": "7898116", "resource_version": null, "namespace": null, "system": "/orgs/UVL-Burundi/sources/uvl-custom/", "version": null, "valueset": null, "cascade": null, "filter": null, "display": null, "created_at": "2025-06-19T09:58:48.745579Z", "updated_at": "2025-06-19T09:58:48.745591Z", "concepts": 1, "mappings": 0, "translation": "Include latest concept \"7898116\" from UVL-Burundi/uvl-custom", "transform": null}, {"expression": "/orgs/UVL-Burundi/sources/uvl-custom/concepts/7898117/", "reference_type": "concepts", "id": 11083004, "last_resolved_at": "2025-06-19T09:58:48.721806Z", "uri": "/orgs/UVL-Burundi/collections/uvl-registration/v1/references/11083004/", "uuid": "11083004", "include": true, "type": "CollectionReference", "code": "7898117", "resource_version": null, "namespace": null, "system": "/orgs/UVL-Burundi/sources/uvl-custom/", "version": null, "valueset": null, "cascade": null, "filter": null, "display": null, "created_at": "2025-06-19T09:58:48.723612Z", "updated_at": "2025-06-19T09:58:48.723624Z", "concepts": 1, "mappings": 0, "translation": "Include latest concept \"7898117\" from UVL-Burundi/uvl-custom", "transform": null}, {"expression": "/orgs/UVL-Burundi/sources/uvl-custom/concepts/7898118/", "reference_type": "concepts", "id": 11083003, "last_resolved_at": "2025-06-19T09:58:48.701280Z", "uri": "/orgs/UVL-Burundi/collections/uvl-registration/v1/references/11083003/", "uuid": "11083003", "include": true, "type": "CollectionReference", "code": "7898118", "resource_version": null, "namespace": null, "system": "/orgs/UVL-Burundi/sources/uvl-custom/", "version": null, "valueset": null, "cascade": null, "filter": null, "display": null, "created_at": "2025-06-19T09:58:48.703055Z", "updated_at": "2025-06-19T09:58:48.703067Z", "concepts": 1, "mappings": 0, "translation": "Include latest concept \"7898118\" from UVL-Burundi/uvl-custom", "transform": null}, {"expression": "/orgs/UVL-Burundi/sources/uvl-custom/concepts/7898119/", "reference_type": "concepts", "id": 11083002, "last_resolved_at": "2025-06-19T09:58:48.677435Z", "uri": "/orgs/UVL-Burundi/collections/uvl-registration/v1/references/11083002/", "uuid": "11083002", "include": true, "type": "CollectionReference", "code": "7898119", "resource_version": null, "namespace": null, "system": "/orgs/UVL-Burundi/sources/uvl-custom/", "version": null, "valueset": null, "cascade": null, "filter": null, "display": null, "created_at": "2025-06-19T09:58:48.679300Z", "updated_at": "2025-06-19T09:58:48.679311Z", "concepts": 1, "mappings": 0, "translation": "Include latest concept \"7898119\" from UVL-Burundi/uvl-custom", "transform": null}], "mappings": [{"extras": {}, "checksums": {"smart": "27eca437206d433fe1361f0f14507641", "standard": "b72f741ea17af8cc09d39e50c19e76cc"}, "external_id": "8659d29c-a36a-4ed4-87ee-d2a0a3b5ab0e", "retired": false, "map_type": "Q-AND-A", "source": "uvl-custom", "owner": "UVL-Burundi", "owner_type": "Organization", "from_concept_code": "7898113", "from_concept_name": null, "from_concept_url": "/orgs/UVL-Burundi/sources/uvl-custom/concepts/7898113/", "to_concept_code": "7898119", "to_concept_name": null, "to_concept_url": "/orgs/UVL-Burundi/sources/uvl-custom/concepts/7898119/", "from_source_owner": "UVL-Burundi", "from_source_owner_type": "Organization", "from_source_url": "/orgs/UVL-Burundi/sources/uvl-custom/", "from_source_name": "uvl-custom", "to_source_owner": "UVL-Burundi", "to_source_owner_type": "Organization", "to_source_url": "/orgs/UVL-Burundi/sources/uvl-custom/", "to_source_name": "uvl-custom", "url": "/orgs/UVL-Burundi/sources/uvl-custom/mappings/1371/", "version": "11747942", "id": "1371", "versioned_object_id": 11747941, "versioned_object_url": "/orgs/UVL-Burundi/sources/uvl-custom/mappings/1371/", "is_latest_version": true, "update_comment": null, "version_url": "/orgs/UVL-Burundi/sources/uvl-custom/mappings/1371/11747942/", "uuid": "11747942", "version_created_on": "2025-06-19T09:27:57.890941Z", "from_source_version": null, "to_source_version": null, "from_concept_name_resolved": "Occupation", "to_concept_name_resolved": "Other (specify)", "type": "Mapping", "sort_weight": null, "version_updated_on": "2025-06-19T09:27:57.899389Z", "version_updated_by": "pirupius", "latest_source_version": "v7", "created_on": "2025-06-19T09:27:57.890941Z", "updated_on": "2025-06-19T09:27:57.899389Z", "created_by": "pirupius", "updated_by": "pirupius", "public_can_view": true}, {"extras": {}, "checksums": {"smart": "d596e7c18d043b00bac10499aa3eb818", "standard": "b39801eec58d7f3722507355168eefe5"}, "external_id": "b731bc50-2f27-473d-8249-c30771e98be2", "retired": false, "map_type": "Q-AND-A", "source": "uvl-custom", "owner": "UVL-Burundi", "owner_type": "Organization", "from_concept_code": "7898113", "from_concept_name": null, "from_concept_url": "/orgs/UVL-Burundi/sources/uvl-custom/concepts/7898113/", "to_concept_code": "7898118", "to_concept_name": null, "to_concept_url": "/orgs/UVL-Burundi/sources/uvl-custom/concepts/7898118/", "from_source_owner": "UVL-Burundi", "from_source_owner_type": "Organization", "from_source_url": "/orgs/UVL-Burundi/sources/uvl-custom/", "from_source_name": "uvl-custom", "to_source_owner": "UVL-Burundi", "to_source_owner_type": "Organization", "to_source_url": "/orgs/UVL-Burundi/sources/uvl-custom/", "to_source_name": "uvl-custom", "url": "/orgs/UVL-Burundi/sources/uvl-custom/mappings/1370/", "version": "11747940", "id": "1370", "versioned_object_id": 11747939, "versioned_object_url": "/orgs/UVL-Burundi/sources/uvl-custom/mappings/1370/", "is_latest_version": true, "update_comment": null, "version_url": "/orgs/UVL-Burundi/sources/uvl-custom/mappings/1370/11747940/", "uuid": "11747940", "version_created_on": "2025-06-19T09:27:29.817601Z", "from_source_version": null, "to_source_version": null, "from_concept_name_resolved": "Occupation", "to_concept_name_resolved": "Veteran", "type": "Mapping", "sort_weight": null, "version_updated_on": "2025-06-19T09:27:29.825059Z", "version_updated_by": "pirupius", "latest_source_version": "v7", "created_on": "2025-06-19T09:27:29.817601Z", "updated_on": "2025-06-19T09:27:29.825059Z", "created_by": "pirupius", "updated_by": "pirupius", "public_can_view": true}, {"extras": {}, "checksums": {"smart": "7388db4376fc9ec22e2ddd37a26072ae", "standard": "b91fc320ae33d0e254537b5fefefe7df"}, "external_id": "98cf222c-2fe2-423a-86e0-ef759a349918", "retired": false, "map_type": "Q-AND-A", "source": "uvl-custom", "owner": "UVL-Burundi", "owner_type": "Organization", "from_concept_code": "7898113", "from_concept_name": null, "from_concept_url": "/orgs/UVL-Burundi/sources/uvl-custom/concepts/7898113/", "to_concept_code": "7898117", "to_concept_name": null, "to_concept_url": "/orgs/UVL-Burundi/sources/uvl-custom/concepts/7898117/", "from_source_owner": "UVL-Burundi", "from_source_owner_type": "Organization", "from_source_url": "/orgs/UVL-Burundi/sources/uvl-custom/", "from_source_name": "uvl-custom", "to_source_owner": "UVL-Burundi", "to_source_owner_type": "Organization", "to_source_url": "/orgs/UVL-Burundi/sources/uvl-custom/", "to_source_name": "uvl-custom", "url": "/orgs/UVL-Burundi/sources/uvl-custom/mappings/1369/", "version": "11747936", "id": "1369", "versioned_object_id": 11747935, "versioned_object_url": "/orgs/UVL-Burundi/sources/uvl-custom/mappings/1369/", "is_latest_version": true, "update_comment": null, "version_url": "/orgs/UVL-Burundi/sources/uvl-custom/mappings/1369/11747936/", "uuid": "11747936", "version_created_on": "2025-06-19T09:27:08.828211Z", "from_source_version": null, "to_source_version": null, "from_concept_name_resolved": "Occupation", "to_concept_name_resolved": "Retired", "type": "Mapping", "sort_weight": null, "version_updated_on": "2025-06-19T09:27:08.837905Z", "version_updated_by": "pirupius", "latest_source_version": "v7", "created_on": "2025-06-19T09:27:08.828211Z", "updated_on": "2025-06-19T09:27:08.837905Z", "created_by": "pirupius", "updated_by": "pirupius", "public_can_view": true}, {"extras": {}, "checksums": {"smart": "33f2ff2fa257a24c308cd29c8a6603e8", "standard": "42eca0d8feb8f2eee6b716f2821a1fe2"}, "external_id": "70aad33a-ad92-4ca4-b0e3-99feea9c7d2e", "retired": false, "map_type": "Q-AND-A", "source": "uvl-custom", "owner": "UVL-Burundi", "owner_type": "Organization", "from_concept_code": "7898113", "from_concept_name": null, "from_concept_url": "/orgs/UVL-Burundi/sources/uvl-custom/concepts/7898113/", "to_concept_code": "7898116", "to_concept_name": null, "to_concept_url": "/orgs/UVL-Burundi/sources/uvl-custom/concepts/7898116/", "from_source_owner": "UVL-Burundi", "from_source_owner_type": "Organization", "from_source_url": "/orgs/UVL-Burundi/sources/uvl-custom/", "from_source_name": "uvl-custom", "to_source_owner": "UVL-Burundi", "to_source_owner_type": "Organization", "to_source_url": "/orgs/UVL-Burundi/sources/uvl-custom/", "to_source_name": "uvl-custom", "url": "/orgs/UVL-Burundi/sources/uvl-custom/mappings/1368/", "version": "11747932", "id": "1368", "versioned_object_id": 11747931, "versioned_object_url": "/orgs/UVL-Burundi/sources/uvl-custom/mappings/1368/", "is_latest_version": true, "update_comment": null, "version_url": "/orgs/UVL-Burundi/sources/uvl-custom/mappings/1368/11747932/", "uuid": "11747932", "version_created_on": "2025-06-19T09:26:37.296907Z", "from_source_version": null, "to_source_version": null, "from_concept_name_resolved": "Occupation", "to_concept_name_resolved": "Unemployed", "type": "Mapping", "sort_weight": null, "version_updated_on": "2025-06-19T09:26:37.305909Z", "version_updated_by": "pirupius", "latest_source_version": "v7", "created_on": "2025-06-19T09:26:37.296907Z", "updated_on": "2025-06-19T09:26:37.305909Z", "created_by": "pirupius", "updated_by": "pirupius", "public_can_view": true}, {"extras": {}, "checksums": {"smart": "9789b77cbe70767f561915c31efc6b8f", "standard": "8eebfd2e30066f7ed8687a978c2841f2"}, "external_id": "68078b56-737e-413a-8e24-4724f28b3e7a", "retired": false, "map_type": "Q-AND-A", "source": "uvl-custom", "owner": "UVL-Burundi", "owner_type": "Organization", "from_concept_code": "7898113", "from_concept_name": null, "from_concept_url": "/orgs/UVL-Burundi/sources/uvl-custom/concepts/7898113/", "to_concept_code": "7898115", "to_concept_name": null, "to_concept_url": "/orgs/UVL-Burundi/sources/uvl-custom/concepts/7898115/", "from_source_owner": "UVL-Burundi", "from_source_owner_type": "Organization", "from_source_url": "/orgs/UVL-Burundi/sources/uvl-custom/", "from_source_name": "uvl-custom", "to_source_owner": "UVL-Burundi", "to_source_owner_type": "Organization", "to_source_url": "/orgs/UVL-Burundi/sources/uvl-custom/", "to_source_name": "uvl-custom", "url": "/orgs/UVL-Burundi/sources/uvl-custom/mappings/1367/", "version": "11747927", "id": "1367", "versioned_object_id": 11747926, "versioned_object_url": "/orgs/UVL-Burundi/sources/uvl-custom/mappings/1367/", "is_latest_version": true, "update_comment": null, "version_url": "/orgs/UVL-Burundi/sources/uvl-custom/mappings/1367/11747927/", "uuid": "11747927", "version_created_on": "2025-06-19T09:26:08.550585Z", "from_source_version": null, "to_source_version": null, "from_concept_name_resolved": "Occupation", "to_concept_name_resolved": "Government employee", "type": "Mapping", "sort_weight": null, "version_updated_on": "2025-06-19T09:26:08.558752Z", "version_updated_by": "pirupius", "latest_source_version": "v7", "created_on": "2025-06-19T09:26:08.550585Z", "updated_on": "2025-06-19T09:26:08.558752Z", "created_by": "pirupius", "updated_by": "pirupius", "public_can_view": true}, {"extras": {}, "checksums": {"smart": "eca567fedef52b4c5633f58dd479e94f", "standard": "3a5d94e4ea6bc184e30324a2fb07faa3"}, "external_id": "2cfc6876-14e0-49e2-906e-b616a322c58f", "retired": false, "map_type": "Q-AND-A", "source": "uvl-custom", "owner": "UVL-Burundi", "owner_type": "Organization", "from_concept_code": "7898113", "from_concept_name": null, "from_concept_url": "/orgs/UVL-Burundi/sources/uvl-custom/concepts/7898113/", "to_concept_code": "7898114", "to_concept_name": null, "to_concept_url": "/orgs/UVL-Burundi/sources/uvl-custom/concepts/7898114/", "from_source_owner": "UVL-Burundi", "from_source_owner_type": "Organization", "from_source_url": "/orgs/UVL-Burundi/sources/uvl-custom/", "from_source_name": "uvl-custom", "to_source_owner": "UVL-Burundi", "to_source_owner_type": "Organization", "to_source_url": "/orgs/UVL-Burundi/sources/uvl-custom/", "to_source_name": "uvl-custom", "url": "/orgs/UVL-Burundi/sources/uvl-custom/mappings/1366/", "version": "11747925", "id": "1366", "versioned_object_id": 11747924, "versioned_object_url": "/orgs/UVL-Burundi/sources/uvl-custom/mappings/1366/", "is_latest_version": true, "update_comment": null, "version_url": "/orgs/UVL-Burundi/sources/uvl-custom/mappings/1366/11747925/", "uuid": "11747925", "version_created_on": "2025-06-19T09:25:28.167666Z", "from_source_version": null, "to_source_version": null, "from_concept_name_resolved": "Occupation", "to_concept_name_resolved": "Farmer/Livestock keeper", "type": "Mapping", "sort_weight": null, "version_updated_on": "2025-06-19T09:25:28.177576Z", "version_updated_by": "pirupius", "latest_source_version": "v7", "created_on": "2025-06-19T09:25:28.167666Z", "updated_on": "2025-06-19T09:25:28.177576Z", "created_by": "pirupius", "updated_by": "pirupius", "public_can_view": true}, {"extras": {}, "checksums": {"smart": "6fbbeba2a38190f7cf3838f15e8c213e", "standard": "1a800d573c96100411af4bfdfab5c851"}, "external_id": "b00f4abb-e49c-4880-9d5d-96905eed2c02", "retired": false, "map_type": "Q-AND-A", "source": "uvl-custom", "owner": "UVL-Burundi", "owner_type": "Organization", "from_concept_code": "7898108", "from_concept_name": null, "from_concept_url": "/orgs/UVL-Burundi/sources/uvl-custom/concepts/7898108/", "to_concept_code": "7898112", "to_concept_name": null, "to_concept_url": "/orgs/UVL-Burundi/sources/uvl-custom/concepts/7898112/", "from_source_owner": "UVL-Burundi", "from_source_owner_type": "Organization", "from_source_url": "/orgs/UVL-Burundi/sources/uvl-custom/", "from_source_name": "uvl-custom", "to_source_owner": "UVL-Burundi", "to_source_owner_type": "Organization", "to_source_url": "/orgs/UVL-Burundi/sources/uvl-custom/", "to_source_name": "uvl-custom", "url": "/orgs/UVL-Burundi/sources/uvl-custom/mappings/1365/", "version": "11747841", "id": "1365", "versioned_object_id": 11747840, "versioned_object_url": "/orgs/UVL-Burundi/sources/uvl-custom/mappings/1365/", "is_latest_version": true, "update_comment": null, "version_url": "/orgs/UVL-Burundi/sources/uvl-custom/mappings/1365/11747841/", "uuid": "11747841", "version_created_on": "2025-06-18T19:34:55.358774Z", "from_source_version": null, "to_source_version": null, "from_concept_name_resolved": "Marital Status", "to_concept_name_resolved": "Widowed", "type": "Mapping", "sort_weight": null, "version_updated_on": "2025-06-18T19:34:55.390563Z", "version_updated_by": "vasharma05", "latest_source_version": "v7", "created_on": "2025-06-18T19:34:55.358774Z", "updated_on": "2025-06-18T19:34:55.390563Z", "created_by": "vasharma05", "updated_by": "vasharma05", "public_can_view": true}, {"extras": {}, "checksums": {"smart": "c2c617d80aab7adc6faa44bf4a9296aa", "standard": "6b2decb6e68c61f7e45d3d70175e160f"}, "external_id": "88163476-f047-4976-894b-1951d2e02a98", "retired": false, "map_type": "Q-AND-A", "source": "uvl-custom", "owner": "UVL-Burundi", "owner_type": "Organization", "from_concept_code": "7898108", "from_concept_name": null, "from_concept_url": "/orgs/UVL-Burundi/sources/uvl-custom/concepts/7898108/", "to_concept_code": "7898111", "to_concept_name": null, "to_concept_url": "/orgs/UVL-Burundi/sources/uvl-custom/concepts/7898111/", "from_source_owner": "UVL-Burundi", "from_source_owner_type": "Organization", "from_source_url": "/orgs/UVL-Burundi/sources/uvl-custom/", "from_source_name": "uvl-custom", "to_source_owner": "UVL-Burundi", "to_source_owner_type": "Organization", "to_source_url": "/orgs/UVL-Burundi/sources/uvl-custom/", "to_source_name": "uvl-custom", "url": "/orgs/UVL-Burundi/sources/uvl-custom/mappings/1364/", "version": "11747839", "id": "1364", "versioned_object_id": 11747838, "versioned_object_url": "/orgs/UVL-Burundi/sources/uvl-custom/mappings/1364/", "is_latest_version": true, "update_comment": null, "version_url": "/orgs/UVL-Burundi/sources/uvl-custom/mappings/1364/11747839/", "uuid": "11747839", "version_created_on": "2025-06-18T19:34:34.205276Z", "from_source_version": null, "to_source_version": null, "from_concept_name_resolved": "Marital Status", "to_concept_name_resolved": "Divorced", "type": "Mapping", "sort_weight": null, "version_updated_on": "2025-06-18T19:34:34.218147Z", "version_updated_by": "vasharma05", "latest_source_version": "v7", "created_on": "2025-06-18T19:34:34.205276Z", "updated_on": "2025-06-18T19:34:34.218147Z", "created_by": "vasharma05", "updated_by": "vasharma05", "public_can_view": true}, {"extras": {}, "checksums": {"smart": "b4feee8769121331dbdf5a6218ec0f56", "standard": "1ee0a738c0833bcdb9d2cadd556ec1e0"}, "external_id": "113ff744-8103-408b-82b5-4c4a3372026b", "retired": false, "map_type": "Q-AND-A", "source": "uvl-custom", "owner": "UVL-Burundi", "owner_type": "Organization", "from_concept_code": "7898108", "from_concept_name": null, "from_concept_url": "/orgs/UVL-Burundi/sources/uvl-custom/concepts/7898108/", "to_concept_code": "7898110", "to_concept_name": null, "to_concept_url": "/orgs/UVL-Burundi/sources/uvl-custom/concepts/7898110/", "from_source_owner": "UVL-Burundi", "from_source_owner_type": "Organization", "from_source_url": "/orgs/UVL-Burundi/sources/uvl-custom/", "from_source_name": "uvl-custom", "to_source_owner": "UVL-Burundi", "to_source_owner_type": "Organization", "to_source_url": "/orgs/UVL-Burundi/sources/uvl-custom/", "to_source_name": "uvl-custom", "url": "/orgs/UVL-Burundi/sources/uvl-custom/mappings/1363/", "version": "11747837", "id": "1363", "versioned_object_id": 11747836, "versioned_object_url": "/orgs/UVL-Burundi/sources/uvl-custom/mappings/1363/", "is_latest_version": true, "update_comment": null, "version_url": "/orgs/UVL-Burundi/sources/uvl-custom/mappings/1363/11747837/", "uuid": "11747837", "version_created_on": "2025-06-18T19:34:07.926414Z", "from_source_version": null, "to_source_version": null, "from_concept_name_resolved": "Marital Status", "to_concept_name_resolved": "Married", "type": "Mapping", "sort_weight": null, "version_updated_on": "2025-06-18T19:34:07.937499Z", "version_updated_by": "vasharma05", "latest_source_version": "v7", "created_on": "2025-06-18T19:34:07.926414Z", "updated_on": "2025-06-18T19:34:07.937499Z", "created_by": "vasharma05", "updated_by": "vasharma05", "public_can_view": true}, {"extras": {}, "checksums": {"smart": "e8c332ea7f3bc0288328e3fd1b1974be", "standard": "02be011a818a6f0cbbcb49af42ea820a"}, "external_id": "b3b25c84-7304-419c-857a-53063d4e16c5", "retired": false, "map_type": "Q-AND-A", "source": "uvl-custom", "owner": "UVL-Burundi", "owner_type": "Organization", "from_concept_code": "7898108", "from_concept_name": null, "from_concept_url": "/orgs/UVL-Burundi/sources/uvl-custom/concepts/7898108/", "to_concept_code": "7898109", "to_concept_name": null, "to_concept_url": "/orgs/UVL-Burundi/sources/uvl-custom/concepts/7898109/", "from_source_owner": "UVL-Burundi", "from_source_owner_type": "Organization", "from_source_url": "/orgs/UVL-Burundi/sources/uvl-custom/", "from_source_name": "uvl-custom", "to_source_owner": "UVL-Burundi", "to_source_owner_type": "Organization", "to_source_url": "/orgs/UVL-Burundi/sources/uvl-custom/", "to_source_name": "uvl-custom", "url": "/orgs/UVL-Burundi/sources/uvl-custom/mappings/1362/", "version": "11747835", "id": "1362", "versioned_object_id": 11747834, "versioned_object_url": "/orgs/UVL-Burundi/sources/uvl-custom/mappings/1362/", "is_latest_version": true, "update_comment": null, "version_url": "/orgs/UVL-Burundi/sources/uvl-custom/mappings/1362/11747835/", "uuid": "11747835", "version_created_on": "2025-06-18T19:33:49.892051Z", "from_source_version": null, "to_source_version": null, "from_concept_name_resolved": "Marital Status", "to_concept_name_resolved": "Single", "type": "Mapping", "sort_weight": null, "version_updated_on": "2025-06-18T19:33:49.914484Z", "version_updated_by": "vasharma05", "latest_source_version": "v7", "created_on": "2025-06-18T19:33:49.892051Z", "updated_on": "2025-06-18T19:33:49.914484Z", "created_by": "vasharma05", "updated_by": "vasharma05", "public_can_view": true}], "export_time": "7.99secs"}