{
  "chunks": [
    {
      "rendered": true,
      "initial": false,
      "entry": false,
      "recorded": false,
      "size": 7120,
      "sizes": {
        "javascript": 7120
      },
      "names": [],
      "idHints": [],
      "runtime": [
        "@openmrs/esm-patient-banner-app",
        "main"
      ],
      "files": [
        "41.js"
      ],
      "auxiliaryFiles": [
        "41.js.map"
      ],
      "hash": "c128ed021b9f0db3",
      "childrenByOrder": {}
    },
    {
      "rendered": true,
      "initial": false,
      "entry": false,
      "recorded": false,
      "size": 730,
      "sizes": {
        "javascript": 730
      },
      "names": [],
      "idHints": [],
      "runtime": [
        "@openmrs/esm-patient-banner-app",
        "main"
      ],
      "files": [
        "55.js"
      ],
      "auxiliaryFiles": [],
      "hash": "ac73414224c8d26a",
      "childrenByOrder": {}
    },
    {
      "rendered": true,
      "initial": false,
      "entry": false,
      "recorded": false,
      "reason": "split chunk (cache group: defaultVendors)",
      "size": 92605,
      "sizes": {
        "javascript": 92605
      },
      "names": [],
      "idHints": [
        "vendors"
      ],
      "runtime": [
        "@openmrs/esm-patient-banner-app",
        "main"
      ],
      "files": [
        "63.js"
      ],
      "auxiliaryFiles": [
        "63.js.map"
      ],
      "hash": "799532c8431d930b",
      "childrenByOrder": {}
    },
    {
      "rendered": true,
      "initial": false,
      "entry": false,
      "recorded": false,
      "size": 747,
      "sizes": {
        "javascript": 747
      },
      "names": [],
      "idHints": [],
      "runtime": [
        "@openmrs/esm-patient-banner-app",
        "main"
      ],
      "files": [
        "99.js"
      ],
      "auxiliaryFiles": [],
      "hash": "4f7ad0e9902921a3",
      "childrenByOrder": {}
    },
    {
      "rendered": true,
      "initial": false,
      "entry": false,
      "recorded": false,
      "size": 657,
      "sizes": {
        "javascript": 657
      },
      "names": [],
      "idHints": [],
      "runtime": [
        "@openmrs/esm-patient-banner-app",
        "main"
      ],
      "files": [
        "132.js"
      ],
      "auxiliaryFiles": [],
      "hash": "4b2baf099e0df97b",
      "childrenByOrder": {}
    },
    {
      "rendered": true,
      "initial": false,
      "entry": false,
      "recorded": false,
      "size": 685,
      "sizes": {
        "javascript": 685
      },
      "names": [],
      "idHints": [],
      "runtime": [
        "@openmrs/esm-patient-banner-app",
        "main"
      ],
      "files": [
        "146.js"
      ],
      "auxiliaryFiles": [],
      "hash": "62bd87b007d38d49",
      "childrenByOrder": {}
    },
    {
      "rendered": true,
      "initial": false,
      "entry": false,
      "recorded": false,
      "size": 650,
      "sizes": {
        "javascript": 650
      },
      "names": [],
      "idHints": [],
      "runtime": [
        "@openmrs/esm-patient-banner-app",
        "main"
      ],
      "files": [
        "159.js"
      ],
      "auxiliaryFiles": [],
      "hash": "4360f3a13007bdfd",
      "childrenByOrder": {}
    },
    {
      "rendered": true,
      "initial": false,
      "entry": false,
      "recorded": false,
      "size": 685,
      "sizes": {
        "javascript": 685
      },
      "names": [],
      "idHints": [],
      "runtime": [
        "@openmrs/esm-patient-banner-app",
        "main"
      ],
      "files": [
        "163.js"
      ],
      "auxiliaryFiles": [],
      "hash": "0c1318e3df127dc7",
      "childrenByOrder": {}
    },
    {
      "rendered": true,
      "initial": false,
      "entry": false,
      "recorded": false,
      "size": 685,
      "sizes": {
        "javascript": 685
      },
      "names": [],
      "idHints": [],
      "runtime": [
        "@openmrs/esm-patient-banner-app",
        "main"
      ],
      "files": [
        "173.js"
      ],
      "auxiliaryFiles": [],
      "hash": "e43a9541e1469da8",
      "childrenByOrder": {}
    },
    {
      "rendered": false,
      "initial": false,
      "entry": false,
      "recorded": false,
      "reason": "reused as split chunk (cache group: default)",
      "size": 126,
      "sizes": {
        "consume-shared": 126
      },
      "names": [],
      "idHints": [],
      "runtime": [
        "@openmrs/esm-patient-banner-app",
        "main"
      ],
      "files": [],
      "auxiliaryFiles": [],
      "hash": "a772ac9e14c05bc3",
      "childrenByOrder": {}
    },
    {
      "rendered": true,
      "initial": false,
      "entry": false,
      "recorded": false,
      "size": 685,
      "sizes": {
        "javascript": 685
      },
      "names": [],
      "idHints": [],
      "runtime": [
        "@openmrs/esm-patient-banner-app",
        "main"
      ],
      "files": [
        "197.js"
      ],
      "auxiliaryFiles": [],
      "hash": "83f4ef570c313f13",
      "childrenByOrder": {}
    },
    {
      "rendered": true,
      "initial": false,
      "entry": false,
      "recorded": false,
      "size": 675,
      "sizes": {
        "javascript": 675
      },
      "names": [],
      "idHints": [],
      "runtime": [
        "@openmrs/esm-patient-banner-app",
        "main"
      ],
      "files": [
        "214.js"
      ],
      "auxiliaryFiles": [],
      "hash": "6bdd43a064892640",
      "childrenByOrder": {}
    },
    {
      "rendered": true,
      "initial": false,
      "entry": false,
      "recorded": false,
      "size": 685,
      "sizes": {
        "javascript": 685
      },
      "names": [],
      "idHints": [],
      "runtime": [
        "@openmrs/esm-patient-banner-app",
        "main"
      ],
      "files": [
        "237.js"
      ],
      "auxiliaryFiles": [],
      "hash": "c041f495948a9172",
      "childrenByOrder": {}
    },
    {
      "rendered": true,
      "initial": false,
      "entry": false,
      "recorded": false,
      "size": 685,
      "sizes": {
        "javascript": 685
      },
      "names": [],
      "idHints": [],
      "runtime": [
        "@openmrs/esm-patient-banner-app",
        "main"
      ],
      "files": [
        "241.js"
      ],
      "auxiliaryFiles": [],
      "hash": "f02fa3860c4b6741",
      "childrenByOrder": {}
    },
    {
      "rendered": true,
      "initial": false,
      "entry": false,
      "recorded": false,
      "size": 685,
      "sizes": {
        "javascript": 685
      },
      "names": [],
      "idHints": [],
      "runtime": [
        "@openmrs/esm-patient-banner-app",
        "main"
      ],
      "files": [
        "294.js"
      ],
      "auxiliaryFiles": [],
      "hash": "d8faa97e31b56818",
      "childrenByOrder": {}
    },
    {
      "rendered": true,
      "initial": false,
      "entry": false,
      "recorded": false,
      "size": 330,
      "sizes": {
        "javascript": 330
      },
      "names": [],
      "idHints": [],
      "runtime": [
        "@openmrs/esm-patient-banner-app",
        "main"
      ],
      "files": [
        "300.js"
      ],
      "auxiliaryFiles": [],
      "hash": "929761623dfaac01",
      "childrenByOrder": {}
    },
    {
      "rendered": true,
      "initial": false,
      "entry": false,
      "recorded": false,
      "size": 696,
      "sizes": {
        "javascript": 696
      },
      "names": [],
      "idHints": [],
      "runtime": [
        "@openmrs/esm-patient-banner-app",
        "main"
      ],
      "files": [
        "335.js"
      ],
      "auxiliaryFiles": [],
      "hash": "b5bd2fc5e1b6051b",
      "childrenByOrder": {}
    },
    {
      "rendered": false,
      "initial": false,
      "entry": false,
      "recorded": false,
      "reason": "reused as split chunk (cache group: default)",
      "size": 42,
      "sizes": {
        "consume-shared": 42
      },
      "names": [],
      "idHints": [],
      "runtime": [
        "@openmrs/esm-patient-banner-app",
        "main"
      ],
      "files": [],
      "auxiliaryFiles": [],
      "hash": "b87bc1f8185aa607",
      "childrenByOrder": {}
    },
    {
      "rendered": true,
      "initial": false,
      "entry": false,
      "recorded": false,
      "reason": "reused as split chunk (cache group: defaultVendors)",
      "size": 25608,
      "sizes": {
        "javascript": 25608
      },
      "names": [],
      "idHints": [
        "vendors"
      ],
      "runtime": [
        "@openmrs/esm-patient-banner-app",
        "main"
      ],
      "files": [
        "372.js"
      ],
      "auxiliaryFiles": [
        "372.js.map"
      ],
      "hash": "d54d119b08ad0180",
      "childrenByOrder": {}
    },
    {
      "rendered": true,
      "initial": false,
      "entry": false,
      "recorded": false,
      "size": 73078,
      "sizes": {
        "javascript": 73078
      },
      "names": [],
      "idHints": [],
      "runtime": [
        "@openmrs/esm-patient-banner-app"
      ],
      "files": [
        "428.js"
      ],
      "auxiliaryFiles": [
        "428.js.map"
      ],
      "hash": "75ca68c6c6a99f01",
      "childrenByOrder": {}
    },
    {
      "rendered": false,
      "initial": false,
      "entry": false,
      "recorded": false,
      "reason": "split chunk (cache group: default)",
      "size": 42,
      "sizes": {
        "consume-shared": 42
      },
      "names": [],
      "idHints": [],
      "runtime": [
        "@openmrs/esm-patient-banner-app",
        "main"
      ],
      "files": [],
      "auxiliaryFiles": [],
      "hash": "b38b002990386949",
      "childrenByOrder": {}
    },
    {
      "rendered": true,
      "initial": false,
      "entry": false,
      "recorded": false,
      "size": 685,
      "sizes": {
        "javascript": 685
      },
      "names": [],
      "idHints": [],
      "runtime": [
        "@openmrs/esm-patient-banner-app",
        "main"
      ],
      "files": [
        "442.js"
      ],
      "auxiliaryFiles": [],
      "hash": "ef3643c13bda74dc",
      "childrenByOrder": {}
    },
    {
      "rendered": true,
      "initial": false,
      "entry": false,
      "recorded": false,
      "size": 727,
      "sizes": {
        "javascript": 727
      },
      "names": [],
      "idHints": [],
      "runtime": [
        "@openmrs/esm-patient-banner-app",
        "main"
      ],
      "files": [
        "468.js"
      ],
      "auxiliaryFiles": [],
      "hash": "3fbc2cb411aa2144",
      "childrenByOrder": {}
    },
    {
      "rendered": true,
      "initial": false,
      "entry": false,
      "recorded": false,
      "size": 24274,
      "sizes": {
        "javascript": 24274
      },
      "names": [],
      "idHints": [],
      "runtime": [
        "@openmrs/esm-patient-banner-app",
        "main"
      ],
      "files": [
        "495.js"
      ],
      "auxiliaryFiles": [
        "495.js.map"
      ],
      "hash": "602f835fe8e8d5fd",
      "childrenByOrder": {}
    },
    {
      "rendered": true,
      "initial": false,
      "entry": false,
      "recorded": false,
      "size": 727,
      "sizes": {
        "javascript": 727
      },
      "names": [],
      "idHints": [],
      "runtime": [
        "@openmrs/esm-patient-banner-app",
        "main"
      ],
      "files": [
        "538.js"
      ],
      "auxiliaryFiles": [],
      "hash": "a2d99b1947e32da9",
      "childrenByOrder": {}
    },
    {
      "rendered": true,
      "initial": false,
      "entry": false,
      "recorded": false,
      "size": 14476,
      "sizes": {
        "javascript": 14476
      },
      "names": [],
      "idHints": [],
      "runtime": [
        "@openmrs/esm-patient-banner-app",
        "main"
      ],
      "files": [
        "550.js"
      ],
      "auxiliaryFiles": [
        "550.js.map"
      ],
      "hash": "00469fdc04a8164a",
      "childrenByOrder": {}
    },
    {
      "rendered": true,
      "initial": false,
      "entry": false,
      "recorded": false,
      "size": 685,
      "sizes": {
        "javascript": 685
      },
      "names": [],
      "idHints": [],
      "runtime": [
        "@openmrs/esm-patient-banner-app",
        "main"
      ],
      "files": [
        "584.js"
      ],
      "auxiliaryFiles": [],
      "hash": "d342423b374a524b",
      "childrenByOrder": {}
    },
    {
      "rendered": true,
      "initial": false,
      "entry": false,
      "recorded": false,
      "reason": "split chunk (cache group: defaultVendors)",
      "size": 1294197,
      "sizes": {
        "javascript": 1294197
      },
      "names": [],
      "idHints": [
        "vendors"
      ],
      "runtime": [
        "@openmrs/esm-patient-banner-app",
        "main"
      ],
      "files": [
        "617.js"
      ],
      "auxiliaryFiles": [
        "617.js.map"
      ],
      "hash": "201000be27e93a0f",
      "childrenByOrder": {}
    },
    {
      "rendered": true,
      "initial": false,
      "entry": false,
      "recorded": false,
      "size": 685,
      "sizes": {
        "javascript": 685
      },
      "names": [],
      "idHints": [],
      "runtime": [
        "@openmrs/esm-patient-banner-app",
        "main"
      ],
      "files": [
        "618.js"
      ],
      "auxiliaryFiles": [],
      "hash": "f9ad9177f16e1ee7",
      "childrenByOrder": {}
    },
    {
      "rendered": true,
      "initial": false,
      "entry": false,
      "recorded": false,
      "reason": "reused as split chunk (cache group: defaultVendors)",
      "size": 39684,
      "sizes": {
        "javascript": 39684
      },
      "names": [],
      "idHints": [
        "vendors"
      ],
      "runtime": [
        "@openmrs/esm-patient-banner-app",
        "main"
      ],
      "files": [
        "641.js"
      ],
      "auxiliaryFiles": [
        "641.js.map"
      ],
      "hash": "8bbf966dc6c45d50",
      "childrenByOrder": {}
    },
    {
      "rendered": true,
      "initial": false,
      "entry": false,
      "recorded": false,
      "size": 637,
      "sizes": {
        "javascript": 637
      },
      "names": [],
      "idHints": [],
      "runtime": [
        "@openmrs/esm-patient-banner-app",
        "main"
      ],
      "files": [
        "652.js"
      ],
      "auxiliaryFiles": [],
      "hash": "c4ed20e57e345f8a",
      "childrenByOrder": {}
    },
    {
      "rendered": true,
      "initial": false,
      "entry": false,
      "recorded": false,
      "size": 612,
      "sizes": {
        "javascript": 612
      },
      "names": [],
      "idHints": [],
      "runtime": [
        "@openmrs/esm-patient-banner-app",
        "main"
      ],
      "files": [
        "661.js"
      ],
      "auxiliaryFiles": [],
      "hash": "ebe91acc2e4344d0",
      "childrenByOrder": {}
    },
    {
      "rendered": true,
      "initial": false,
      "entry": false,
      "recorded": false,
      "size": 727,
      "sizes": {
        "javascript": 727
      },
      "names": [],
      "idHints": [],
      "runtime": [
        "@openmrs/esm-patient-banner-app",
        "main"
      ],
      "files": [
        "679.js"
      ],
      "auxiliaryFiles": [],
      "hash": "4b34165d6568f802",
      "childrenByOrder": {}
    },
    {
      "rendered": true,
      "initial": false,
      "entry": false,
      "recorded": false,
      "size": 685,
      "sizes": {
        "javascript": 685
      },
      "names": [],
      "idHints": [],
      "runtime": [
        "@openmrs/esm-patient-banner-app",
        "main"
      ],
      "files": [
        "690.js"
      ],
      "auxiliaryFiles": [],
      "hash": "d520da850b92d94e",
      "childrenByOrder": {}
    },
    {
      "rendered": true,
      "initial": false,
      "entry": false,
      "recorded": false,
      "size": 685,
      "sizes": {
        "javascript": 685
      },
      "names": [],
      "idHints": [],
      "runtime": [
        "@openmrs/esm-patient-banner-app",
        "main"
      ],
      "files": [
        "723.js"
      ],
      "auxiliaryFiles": [],
      "hash": "2638f1b61565ccc6",
      "childrenByOrder": {}
    },
    {
      "rendered": true,
      "initial": true,
      "entry": true,
      "recorded": false,
      "size": 21267,
      "sizes": {
        "javascript": 42,
        "share-init": 294,
        "runtime": 20931
      },
      "names": [
        "@openmrs/esm-patient-banner-app"
      ],
      "idHints": [],
      "runtime": [
        "@openmrs/esm-patient-banner-app"
      ],
      "files": [
        "openmrs-esm-patient-banner-app.js"
      ],
      "auxiliaryFiles": [
        "openmrs-esm-patient-banner-app.js.map"
      ],
      "hash": "9511ec8607bd47c2",
      "childrenByOrder": {}
    },
    {
      "rendered": true,
      "initial": true,
      "entry": true,
      "recorded": false,
      "size": 1389154,
      "sizes": {
        "consume-shared": 210,
        "javascript": 1367275,
        "share-init": 294,
        "runtime": 21375
      },
      "names": [
        "main"
      ],
      "idHints": [],
      "runtime": [
        "main"
      ],
      "files": [
        "main.js"
      ],
      "auxiliaryFiles": [
        "main.js.map"
      ],
      "hash": "bcf2aaba18ec6533",
      "childrenByOrder": {}
    },
    {
      "rendered": true,
      "initial": false,
      "entry": false,
      "recorded": false,
      "reason": "reused as split chunk (cache group: defaultVendors)",
      "size": 5414422,
      "sizes": {
        "javascript": 5414422
      },
      "names": [],
      "idHints": [
        "vendors"
      ],
      "runtime": [
        "@openmrs/esm-patient-banner-app",
        "main"
      ],
      "files": [
        "831.js"
      ],
      "auxiliaryFiles": [
        "831.js.map"
      ],
      "hash": "5ac59994ef6904c2",
      "childrenByOrder": {}
    },
    {
      "rendered": true,
      "initial": false,
      "entry": false,
      "recorded": false,
      "size": 685,
      "sizes": {
        "javascript": 685
      },
      "names": [],
      "idHints": [],
      "runtime": [
        "@openmrs/esm-patient-banner-app",
        "main"
      ],
      "files": [
        "840.js"
      ],
      "auxiliaryFiles": [],
      "hash": "e71e808c8f281229",
      "childrenByOrder": {}
    },
    {
      "rendered": true,
      "initial": false,
      "entry": false,
      "recorded": false,
      "size": 685,
      "sizes": {
        "javascript": 685
      },
      "names": [],
      "idHints": [],
      "runtime": [
        "@openmrs/esm-patient-banner-app",
        "main"
      ],
      "files": [
        "859.js"
      ],
      "auxiliaryFiles": [],
      "hash": "a80030a2f5c628e2",
      "childrenByOrder": {}
    },
    {
      "rendered": true,
      "initial": false,
      "entry": false,
      "recorded": false,
      "reason": "reused as split chunk (cache group: default)",
      "size": 235888,
      "sizes": {
        "javascript": 235804,
        "consume-shared": 84
      },
      "names": [],
      "idHints": [],
      "runtime": [
        "@openmrs/esm-patient-banner-app",
        "main"
      ],
      "files": [
        "867.js"
      ],
      "auxiliaryFiles": [
        "867.js.map"
      ],
      "hash": "a4ba537bc97959a4",
      "childrenByOrder": {}
    },
    {
      "rendered": true,
      "initial": false,
      "entry": false,
      "recorded": false,
      "size": 26475,
      "sizes": {
        "javascript": 26475
      },
      "names": [],
      "idHints": [],
      "runtime": [
        "@openmrs/esm-patient-banner-app",
        "main"
      ],
      "files": [
        "876.js"
      ],
      "auxiliaryFiles": [
        "876.js.map"
      ],
      "hash": "50f5cd091b7a8d5d",
      "childrenByOrder": {}
    },
    {
      "rendered": true,
      "initial": false,
      "entry": false,
      "recorded": false,
      "size": 525,
      "sizes": {
        "javascript": 525
      },
      "names": [],
      "idHints": [],
      "runtime": [
        "@openmrs/esm-patient-banner-app",
        "main"
      ],
      "files": [
        "879.js"
      ],
      "auxiliaryFiles": [],
      "hash": "43513def01e0b6e5",
      "childrenByOrder": {}
    },
    {
      "rendered": true,
      "initial": false,
      "entry": false,
      "recorded": false,
      "size": 685,
      "sizes": {
        "javascript": 685
      },
      "names": [],
      "idHints": [],
      "runtime": [
        "@openmrs/esm-patient-banner-app",
        "main"
      ],
      "files": [
        "890.js"
      ],
      "auxiliaryFiles": [],
      "hash": "ce1beb78c02c48bf",
      "childrenByOrder": {}
    },
    {
      "rendered": true,
      "initial": false,
      "entry": false,
      "recorded": false,
      "size": 685,
      "sizes": {
        "javascript": 685
      },
      "names": [],
      "idHints": [],
      "runtime": [
        "@openmrs/esm-patient-banner-app",
        "main"
      ],
      "files": [
        "895.js"
      ],
      "auxiliaryFiles": [],
      "hash": "6f470699a1066b80",
      "childrenByOrder": {}
    },
    {
      "rendered": true,
      "initial": false,
      "entry": false,
      "recorded": false,
      "size": 685,
      "sizes": {
        "javascript": 685
      },
      "names": [],
      "idHints": [],
      "runtime": [
        "@openmrs/esm-patient-banner-app",
        "main"
      ],
      "files": [
        "900.js"
      ],
      "auxiliaryFiles": [],
      "hash": "ebdff859faa8f214",
      "childrenByOrder": {}
    },
    {
      "rendered": true,
      "initial": false,
      "entry": false,
      "recorded": false,
      "reason": "reused as split chunk (cache group: defaultVendors)",
      "size": 251616,
      "sizes": {
        "javascript": 251616
      },
      "names": [],
      "idHints": [
        "vendors"
      ],
      "runtime": [
        "@openmrs/esm-patient-banner-app",
        "main"
      ],
      "files": [
        "913.js"
      ],
      "auxiliaryFiles": [
        "913.js.map"
      ],
      "hash": "8e0fdc81f8e8cc00",
      "childrenByOrder": {}
    },
    {
      "rendered": true,
      "initial": false,
      "entry": false,
      "recorded": false,
      "size": 685,
      "sizes": {
        "javascript": 685
      },
      "names": [],
      "idHints": [],
      "runtime": [
        "@openmrs/esm-patient-banner-app",
        "main"
      ],
      "files": [
        "944.js"
      ],
      "auxiliaryFiles": [],
      "hash": "3df39e5df53e78dc",
      "childrenByOrder": {}
    },
    {
      "rendered": true,
      "initial": false,
      "entry": false,
      "recorded": false,
      "size": 685,
      "sizes": {
        "javascript": 685
      },
      "names": [],
      "idHints": [],
      "runtime": [
        "@openmrs/esm-patient-banner-app",
        "main"
      ],
      "files": [
        "986.js"
      ],
      "auxiliaryFiles": [],
      "hash": "741874446771876d",
      "childrenByOrder": {}
    }
  ]
}