{
  "chunks": [
    {
      "rendered": true,
      "initial": false,
      "entry": false,
      "recorded": false,
      "size": 36924,
      "sizes": {
        "javascript": 36924
      },
      "names": [],
      "idHints": [],
      "runtime": [
        "@openmrs/esm-patient-banner-app",
        "main"
      ],
      "files": [
        "89.js"
      ],
      "auxiliaryFiles": [
        "89.js.map"
      ],
      "hash": "1751322d641050f0",
      "childrenByOrder": {}
    },
    {
      "rendered": true,
      "initial": false,
      "entry": false,
      "recorded": false,
      "size": 14380,
      "sizes": {
        "javascript": 14380
      },
      "names": [],
      "idHints": [],
      "runtime": [
        "@openmrs/esm-patient-banner-app",
        "main"
      ],
      "files": [
        "508.js"
      ],
      "auxiliaryFiles": [
        "508.js.map"
      ],
      "hash": "3048fee9b2e977c4",
      "childrenByOrder": {}
    },
    {
      "rendered": true,
      "initial": false,
      "entry": false,
      "recorded": false,
      "size": 685,
      "sizes": {
        "javascript": 685
      },
      "names": [],
      "idHints": [],
      "runtime": [
        "@openmrs/esm-patient-banner-app",
        "main"
      ],
      "files": [
        "723.js"
      ],
      "auxiliaryFiles": [],
      "hash": "626d048b3b3cdbd5",
      "childrenByOrder": {}
    },
    {
      "rendered": true,
      "initial": false,
      "entry": false,
      "recorded": false,
      "size": 720,
      "sizes": {
        "javascript": 720
      },
      "names": [],
      "idHints": [],
      "runtime": [
        "@openmrs/esm-patient-banner-app",
        "main"
      ],
      "files": [
        "795.js"
      ],
      "auxiliaryFiles": [],
      "hash": "29580df803c6c7ca",
      "childrenByOrder": {}
    },
    {
      "rendered": true,
      "initial": false,
      "entry": false,
      "recorded": false,
      "size": 685,
      "sizes": {
        "javascript": 685
      },
      "names": [],
      "idHints": [],
      "runtime": [
        "@openmrs/esm-patient-banner-app",
        "main"
      ],
      "files": [
        "890.js"
      ],
      "auxiliaryFiles": [],
      "hash": "fe5d37ea52324258",
      "childrenByOrder": {}
    },
    {
      "rendered": true,
      "initial": false,
      "entry": false,
      "recorded": false,
      "size": 685,
      "sizes": {
        "javascript": 685
      },
      "names": [],
      "idHints": [],
      "runtime": [
        "@openmrs/esm-patient-banner-app",
        "main"
      ],
      "files": [
        "986.js"
      ],
      "auxiliaryFiles": [],
      "hash": "a9b43c1c9bcf345c",
      "childrenByOrder": {}
    },
    {
      "rendered": true,
      "initial": false,
      "entry": false,
      "recorded": false,
      "size": 685,
      "sizes": {
        "javascript": 685
      },
      "names": [],
      "idHints": [],
      "runtime": [
        "@openmrs/esm-patient-banner-app",
        "main"
      ],
      "files": [
        "1119.js"
      ],
      "auxiliaryFiles": [],
      "hash": "58b55c8b58049e12",
      "childrenByOrder": {}
    },
    {
      "rendered": true,
      "initial": false,
      "entry": false,
      "recorded": false,
      "size": 685,
      "sizes": {
        "javascript": 685
      },
      "names": [],
      "idHints": [],
      "runtime": [
        "@openmrs/esm-patient-banner-app",
        "main"
      ],
      "files": [
        "1197.js"
      ],
      "auxiliaryFiles": [],
      "hash": "2fe4e726402373b2",
      "childrenByOrder": {}
    },
    {
      "rendered": false,
      "initial": false,
      "entry": false,
      "recorded": false,
      "reason": "reused as split chunk (cache group: default)",
      "size": 42,
      "sizes": {
        "consume-shared": 42
      },
      "names": [],
      "idHints": [],
      "runtime": [
        "@openmrs/esm-patient-banner-app",
        "main"
      ],
      "files": [],
      "auxiliaryFiles": [],
      "hash": "83f00123c9d64a73",
      "childrenByOrder": {}
    },
    {
      "rendered": true,
      "initial": false,
      "entry": false,
      "recorded": false,
      "size": 685,
      "sizes": {
        "javascript": 685
      },
      "names": [],
      "idHints": [],
      "runtime": [
        "@openmrs/esm-patient-banner-app",
        "main"
      ],
      "files": [
        "2146.js"
      ],
      "auxiliaryFiles": [],
      "hash": "fe5583daeff3bd55",
      "childrenByOrder": {}
    },
    {
      "rendered": true,
      "initial": false,
      "entry": false,
      "recorded": false,
      "reason": "reused as split chunk (cache group: defaultVendors)",
      "size": 25608,
      "sizes": {
        "javascript": 25608
      },
      "names": [],
      "idHints": [
        "vendors"
      ],
      "runtime": [
        "@openmrs/esm-patient-banner-app",
        "main"
      ],
      "files": [
        "2372.js"
      ],
      "auxiliaryFiles": [
        "2372.js.map"
      ],
      "hash": "ebed9d6a19084dbf",
      "childrenByOrder": {}
    },
    {
      "rendered": true,
      "initial": false,
      "entry": false,
      "recorded": false,
      "reason": "split chunk (cache group: defaultVendors)",
      "size": 3822351,
      "sizes": {
        "javascript": 3822351
      },
      "names": [],
      "idHints": [
        "vendors"
      ],
      "runtime": [
        "@openmrs/esm-patient-banner-app",
        "main"
      ],
      "files": [
        "2453.js"
      ],
      "auxiliaryFiles": [
        "2453.js.map"
      ],
      "hash": "d5e2dff3c8eb5aa1",
      "childrenByOrder": {}
    },
    {
      "rendered": true,
      "initial": false,
      "entry": false,
      "recorded": false,
      "reason": "reused as split chunk (cache group: defaultVendors)",
      "size": 163792,
      "sizes": {
        "javascript": 163792
      },
      "names": [],
      "idHints": [
        "vendors"
      ],
      "runtime": [
        "@openmrs/esm-patient-banner-app",
        "main"
      ],
      "files": [
        "2457.js"
      ],
      "auxiliaryFiles": [
        "2457.js.map"
      ],
      "hash": "eba44b4d742ac71c",
      "childrenByOrder": {}
    },
    {
      "rendered": true,
      "initial": false,
      "entry": false,
      "recorded": false,
      "size": 34723,
      "sizes": {
        "javascript": 34723
      },
      "names": [],
      "idHints": [],
      "runtime": [
        "@openmrs/esm-patient-banner-app",
        "main"
      ],
      "files": [
        "2470.js"
      ],
      "auxiliaryFiles": [
        "2470.js.map"
      ],
      "hash": "e945e8e96313a9f4",
      "childrenByOrder": {}
    },
    {
      "rendered": false,
      "initial": false,
      "entry": false,
      "recorded": false,
      "reason": "reused as split chunk (cache group: default)",
      "size": 84,
      "sizes": {
        "consume-shared": 84
      },
      "names": [],
      "idHints": [],
      "runtime": [
        "@openmrs/esm-patient-banner-app",
        "main"
      ],
      "files": [],
      "auxiliaryFiles": [],
      "hash": "b590367480dfdee5",
      "childrenByOrder": {}
    },
    {
      "rendered": true,
      "initial": false,
      "entry": false,
      "recorded": false,
      "size": 73652,
      "sizes": {
        "javascript": 73610,
        "consume-shared": 42
      },
      "names": [],
      "idHints": [],
      "runtime": [
        "@openmrs/esm-patient-banner-app"
      ],
      "files": [
        "2636.js"
      ],
      "auxiliaryFiles": [
        "2636.js.map"
      ],
      "hash": "537101d19ebe11d8",
      "childrenByOrder": {}
    },
    {
      "rendered": true,
      "initial": false,
      "entry": false,
      "recorded": false,
      "size": 695,
      "sizes": {
        "javascript": 695
      },
      "names": [],
      "idHints": [],
      "runtime": [
        "@openmrs/esm-patient-banner-app",
        "main"
      ],
      "files": [
        "2690.js"
      ],
      "auxiliaryFiles": [],
      "hash": "4c92629d321335e0",
      "childrenByOrder": {}
    },
    {
      "rendered": true,
      "initial": false,
      "entry": false,
      "recorded": false,
      "reason": "reused as split chunk (cache group: defaultVendors)",
      "size": 251616,
      "sizes": {
        "javascript": 251616
      },
      "names": [],
      "idHints": [
        "vendors"
      ],
      "runtime": [
        "@openmrs/esm-patient-banner-app",
        "main"
      ],
      "files": [
        "2913.js"
      ],
      "auxiliaryFiles": [
        "2913.js.map"
      ],
      "hash": "5f2900c434639a21",
      "childrenByOrder": {}
    },
    {
      "rendered": true,
      "initial": false,
      "entry": false,
      "recorded": false,
      "size": 747,
      "sizes": {
        "javascript": 747
      },
      "names": [],
      "idHints": [],
      "runtime": [
        "@openmrs/esm-patient-banner-app",
        "main"
      ],
      "files": [
        "3099.js"
      ],
      "auxiliaryFiles": [],
      "hash": "1c6025b148acfe48",
      "childrenByOrder": {}
    },
    {
      "rendered": true,
      "initial": false,
      "entry": false,
      "recorded": false,
      "size": 7160,
      "sizes": {
        "javascript": 7160
      },
      "names": [],
      "idHints": [],
      "runtime": [
        "@openmrs/esm-patient-banner-app",
        "main"
      ],
      "files": [
        "3464.js"
      ],
      "auxiliaryFiles": [
        "3464.js.map"
      ],
      "hash": "84c95a48f1ab97bd",
      "childrenByOrder": {}
    },
    {
      "rendered": true,
      "initial": false,
      "entry": false,
      "recorded": false,
      "size": 685,
      "sizes": {
        "javascript": 685
      },
      "names": [],
      "idHints": [],
      "runtime": [
        "@openmrs/esm-patient-banner-app",
        "main"
      ],
      "files": [
        "3584.js"
      ],
      "auxiliaryFiles": [],
      "hash": "41db4c2706b4d87b",
      "childrenByOrder": {}
    },
    {
      "rendered": true,
      "initial": false,
      "entry": false,
      "recorded": false,
      "size": 7120,
      "sizes": {
        "javascript": 7120
      },
      "names": [],
      "idHints": [],
      "runtime": [
        "@openmrs/esm-patient-banner-app",
        "main"
      ],
      "files": [
        "4041.js"
      ],
      "auxiliaryFiles": [
        "4041.js.map"
      ],
      "hash": "1800d7fe771f38ab",
      "childrenByOrder": {}
    },
    {
      "rendered": true,
      "initial": false,
      "entry": false,
      "recorded": false,
      "size": 21108,
      "sizes": {
        "javascript": 21108
      },
      "names": [],
      "idHints": [],
      "runtime": [
        "@openmrs/esm-patient-banner-app",
        "main"
      ],
      "files": [
        "4051.js"
      ],
      "auxiliaryFiles": [
        "4051.js.map"
      ],
      "hash": "4780cca159fd3417",
      "childrenByOrder": {}
    },
    {
      "rendered": true,
      "initial": false,
      "entry": false,
      "recorded": false,
      "size": 730,
      "sizes": {
        "javascript": 730
      },
      "names": [],
      "idHints": [],
      "runtime": [
        "@openmrs/esm-patient-banner-app",
        "main"
      ],
      "files": [
        "4055.js"
      ],
      "auxiliaryFiles": [],
      "hash": "b17d1db8b551b8b9",
      "childrenByOrder": {}
    },
    {
      "rendered": true,
      "initial": false,
      "entry": false,
      "recorded": false,
      "size": 657,
      "sizes": {
        "javascript": 657
      },
      "names": [],
      "idHints": [],
      "runtime": [
        "@openmrs/esm-patient-banner-app",
        "main"
      ],
      "files": [
        "4132.js"
      ],
      "auxiliaryFiles": [],
      "hash": "6b49b1469c7d1b1e",
      "childrenByOrder": {}
    },
    {
      "rendered": true,
      "initial": false,
      "entry": false,
      "recorded": false,
      "size": 685,
      "sizes": {
        "javascript": 685
      },
      "names": [],
      "idHints": [],
      "runtime": [
        "@openmrs/esm-patient-banner-app",
        "main"
      ],
      "files": [
        "4300.js"
      ],
      "auxiliaryFiles": [],
      "hash": "d0b94ed665d4293c",
      "childrenByOrder": {}
    },
    {
      "rendered": true,
      "initial": false,
      "entry": false,
      "recorded": false,
      "size": 696,
      "sizes": {
        "javascript": 696
      },
      "names": [],
      "idHints": [],
      "runtime": [
        "@openmrs/esm-patient-banner-app",
        "main"
      ],
      "files": [
        "4335.js"
      ],
      "auxiliaryFiles": [],
      "hash": "4f844d03786ff983",
      "childrenByOrder": {}
    },
    {
      "rendered": true,
      "initial": false,
      "entry": false,
      "recorded": false,
      "reason": "split chunk (cache group: defaultVendors)",
      "size": 1843831,
      "sizes": {
        "javascript": 1843831
      },
      "names": [],
      "idHints": [
        "vendors"
      ],
      "runtime": [
        "@openmrs/esm-patient-banner-app",
        "main"
      ],
      "files": [
        "4419.js"
      ],
      "auxiliaryFiles": [
        "4419.js.map"
      ],
      "hash": "89bf6412d4c952d0",
      "childrenByOrder": {}
    },
    {
      "rendered": true,
      "initial": false,
      "entry": false,
      "recorded": false,
      "size": 685,
      "sizes": {
        "javascript": 685
      },
      "names": [],
      "idHints": [],
      "runtime": [
        "@openmrs/esm-patient-banner-app",
        "main"
      ],
      "files": [
        "4618.js"
      ],
      "auxiliaryFiles": [],
      "hash": "72b4edeb46627036",
      "childrenByOrder": {}
    },
    {
      "rendered": true,
      "initial": false,
      "entry": false,
      "recorded": false,
      "size": 637,
      "sizes": {
        "javascript": 637
      },
      "names": [],
      "idHints": [],
      "runtime": [
        "@openmrs/esm-patient-banner-app",
        "main"
      ],
      "files": [
        "4652.js"
      ],
      "auxiliaryFiles": [],
      "hash": "3eccd7585695a8b0",
      "childrenByOrder": {}
    },
    {
      "rendered": true,
      "initial": false,
      "entry": false,
      "recorded": false,
      "size": 685,
      "sizes": {
        "javascript": 685
      },
      "names": [],
      "idHints": [],
      "runtime": [
        "@openmrs/esm-patient-banner-app",
        "main"
      ],
      "files": [
        "4944.js"
      ],
      "auxiliaryFiles": [],
      "hash": "755bad9ec85cbc43",
      "childrenByOrder": {}
    },
    {
      "rendered": true,
      "initial": false,
      "entry": false,
      "recorded": false,
      "reason": "reused as split chunk (cache group: default)",
      "size": 229990,
      "sizes": {
        "javascript": 229990
      },
      "names": [],
      "idHints": [],
      "runtime": [
        "@openmrs/esm-patient-banner-app",
        "main"
      ],
      "files": [
        "5048.js"
      ],
      "auxiliaryFiles": [
        "5048.js.map"
      ],
      "hash": "68e143a7234ff92c",
      "childrenByOrder": {}
    },
    {
      "rendered": true,
      "initial": false,
      "entry": false,
      "recorded": false,
      "size": 685,
      "sizes": {
        "javascript": 685
      },
      "names": [],
      "idHints": [],
      "runtime": [
        "@openmrs/esm-patient-banner-app",
        "main"
      ],
      "files": [
        "5173.js"
      ],
      "auxiliaryFiles": [],
      "hash": "c9a40c8ed8dca874",
      "childrenByOrder": {}
    },
    {
      "rendered": true,
      "initial": false,
      "entry": false,
      "recorded": false,
      "size": 685,
      "sizes": {
        "javascript": 685
      },
      "names": [],
      "idHints": [],
      "runtime": [
        "@openmrs/esm-patient-banner-app",
        "main"
      ],
      "files": [
        "5241.js"
      ],
      "auxiliaryFiles": [],
      "hash": "b5818d948bf0a07b",
      "childrenByOrder": {}
    },
    {
      "rendered": false,
      "initial": false,
      "entry": false,
      "recorded": false,
      "reason": "split chunk (cache group: default)",
      "size": 42,
      "sizes": {
        "consume-shared": 42
      },
      "names": [],
      "idHints": [],
      "runtime": [
        "@openmrs/esm-patient-banner-app",
        "main"
      ],
      "files": [],
      "auxiliaryFiles": [],
      "hash": "9c39eb447a1c92f0",
      "childrenByOrder": {}
    },
    {
      "rendered": true,
      "initial": false,
      "entry": false,
      "recorded": false,
      "size": 685,
      "sizes": {
        "javascript": 685
      },
      "names": [],
      "idHints": [],
      "runtime": [
        "@openmrs/esm-patient-banner-app",
        "main"
      ],
      "files": [
        "5442.js"
      ],
      "auxiliaryFiles": [],
      "hash": "0aac9564c2306e61",
      "childrenByOrder": {}
    },
    {
      "rendered": true,
      "initial": false,
      "entry": false,
      "recorded": false,
      "reason": "reused as split chunk (cache group: defaultVendors)",
      "size": 39684,
      "sizes": {
        "javascript": 39684
      },
      "names": [],
      "idHints": [
        "vendors"
      ],
      "runtime": [
        "@openmrs/esm-patient-banner-app",
        "main"
      ],
      "files": [
        "5639.js"
      ],
      "auxiliaryFiles": [
        "5639.js.map"
      ],
      "hash": "54131e4c2d996fb5",
      "childrenByOrder": {}
    },
    {
      "rendered": true,
      "initial": false,
      "entry": false,
      "recorded": false,
      "size": 612,
      "sizes": {
        "javascript": 612
      },
      "names": [],
      "idHints": [],
      "runtime": [
        "@openmrs/esm-patient-banner-app",
        "main"
      ],
      "files": [
        "5661.js"
      ],
      "auxiliaryFiles": [],
      "hash": "0ab68810c7dacec0",
      "childrenByOrder": {}
    },
    {
      "rendered": true,
      "initial": false,
      "entry": false,
      "recorded": false,
      "reason": "split chunk (cache group: defaultVendors)",
      "size": 100683,
      "sizes": {
        "javascript": 100683
      },
      "names": [],
      "idHints": [
        "vendors"
      ],
      "runtime": [
        "@openmrs/esm-patient-banner-app",
        "main"
      ],
      "files": [
        "5813.js"
      ],
      "auxiliaryFiles": [
        "5813.js.map"
      ],
      "hash": "56f2d1ff6befe12a",
      "childrenByOrder": {}
    },
    {
      "rendered": true,
      "initial": false,
      "entry": false,
      "recorded": false,
      "size": 698,
      "sizes": {
        "javascript": 698
      },
      "names": [],
      "idHints": [],
      "runtime": [
        "@openmrs/esm-patient-banner-app",
        "main"
      ],
      "files": [
        "6022.js"
      ],
      "auxiliaryFiles": [],
      "hash": "fe9679e06d9faec7",
      "childrenByOrder": {}
    },
    {
      "rendered": true,
      "initial": false,
      "entry": false,
      "recorded": false,
      "reason": "split chunk (cache group: defaultVendors)",
      "size": 21108,
      "sizes": {
        "javascript": 21108
      },
      "names": [],
      "idHints": [
        "vendors"
      ],
      "runtime": [
        "@openmrs/esm-patient-banner-app",
        "main"
      ],
      "files": [
        "6432.js"
      ],
      "auxiliaryFiles": [
        "6432.js.map"
      ],
      "hash": "ba0a3b4279f406c4",
      "childrenByOrder": {}
    },
    {
      "rendered": true,
      "initial": false,
      "entry": false,
      "recorded": false,
      "size": 727,
      "sizes": {
        "javascript": 727
      },
      "names": [],
      "idHints": [],
      "runtime": [
        "@openmrs/esm-patient-banner-app",
        "main"
      ],
      "files": [
        "6468.js"
      ],
      "auxiliaryFiles": [],
      "hash": "b4b337e09e39ed41",
      "childrenByOrder": {}
    },
    {
      "rendered": true,
      "initial": false,
      "entry": false,
      "recorded": false,
      "size": 727,
      "sizes": {
        "javascript": 727
      },
      "names": [],
      "idHints": [],
      "runtime": [
        "@openmrs/esm-patient-banner-app",
        "main"
      ],
      "files": [
        "6679.js"
      ],
      "auxiliaryFiles": [],
      "hash": "7216e295bd9112a1",
      "childrenByOrder": {}
    },
    {
      "rendered": true,
      "initial": false,
      "entry": false,
      "recorded": false,
      "size": 685,
      "sizes": {
        "javascript": 685
      },
      "names": [],
      "idHints": [],
      "runtime": [
        "@openmrs/esm-patient-banner-app",
        "main"
      ],
      "files": [
        "6840.js"
      ],
      "auxiliaryFiles": [],
      "hash": "fea444cccbac27c1",
      "childrenByOrder": {}
    },
    {
      "rendered": true,
      "initial": false,
      "entry": false,
      "recorded": false,
      "size": 685,
      "sizes": {
        "javascript": 685
      },
      "names": [],
      "idHints": [],
      "runtime": [
        "@openmrs/esm-patient-banner-app",
        "main"
      ],
      "files": [
        "6859.js"
      ],
      "auxiliaryFiles": [],
      "hash": "43cf9f954eed4964",
      "childrenByOrder": {}
    },
    {
      "rendered": true,
      "initial": false,
      "entry": false,
      "recorded": false,
      "size": 685,
      "sizes": {
        "javascript": 685
      },
      "names": [],
      "idHints": [],
      "runtime": [
        "@openmrs/esm-patient-banner-app",
        "main"
      ],
      "files": [
        "7097.js"
      ],
      "auxiliaryFiles": [],
      "hash": "b3e41656be2601af",
      "childrenByOrder": {}
    },
    {
      "rendered": true,
      "initial": false,
      "entry": false,
      "recorded": false,
      "size": 650,
      "sizes": {
        "javascript": 650
      },
      "names": [],
      "idHints": [],
      "runtime": [
        "@openmrs/esm-patient-banner-app",
        "main"
      ],
      "files": [
        "7159.js"
      ],
      "auxiliaryFiles": [],
      "hash": "6e620c4156c6f56d",
      "childrenByOrder": {}
    },
    {
      "rendered": true,
      "initial": false,
      "entry": false,
      "recorded": false,
      "size": 26475,
      "sizes": {
        "javascript": 26475
      },
      "names": [],
      "idHints": [],
      "runtime": [
        "@openmrs/esm-patient-banner-app",
        "main"
      ],
      "files": [
        "7495.js"
      ],
      "auxiliaryFiles": [
        "7495.js.map"
      ],
      "hash": "c0e118a4f5ec18b0",
      "childrenByOrder": {}
    },
    {
      "rendered": true,
      "initial": false,
      "entry": false,
      "recorded": false,
      "size": 685,
      "sizes": {
        "javascript": 685
      },
      "names": [],
      "idHints": [],
      "runtime": [
        "@openmrs/esm-patient-banner-app",
        "main"
      ],
      "files": [
        "7617.js"
      ],
      "auxiliaryFiles": [],
      "hash": "65cca163046b084a",
      "childrenByOrder": {}
    },
    {
      "rendered": true,
      "initial": true,
      "entry": true,
      "recorded": false,
      "size": 22646,
      "sizes": {
        "javascript": 42,
        "share-init": 420,
        "runtime": 22184
      },
      "names": [
        "@openmrs/esm-patient-banner-app"
      ],
      "idHints": [],
      "runtime": [
        "@openmrs/esm-patient-banner-app"
      ],
      "files": [
        "openmrs-esm-patient-banner-app.js"
      ],
      "auxiliaryFiles": [
        "openmrs-esm-patient-banner-app.js.map"
      ],
      "hash": "c167fa922d412370",
      "childrenByOrder": {}
    },
    {
      "rendered": true,
      "initial": false,
      "entry": false,
      "recorded": false,
      "size": 685,
      "sizes": {
        "javascript": 685
      },
      "names": [],
      "idHints": [],
      "runtime": [
        "@openmrs/esm-patient-banner-app",
        "main"
      ],
      "files": [
        "8163.js"
      ],
      "auxiliaryFiles": [],
      "hash": "d159b82a5061f5f6",
      "childrenByOrder": {}
    },
    {
      "rendered": true,
      "initial": false,
      "entry": false,
      "recorded": false,
      "size": 685,
      "sizes": {
        "javascript": 685
      },
      "names": [],
      "idHints": [],
      "runtime": [
        "@openmrs/esm-patient-banner-app",
        "main"
      ],
      "files": [
        "8349.js"
      ],
      "auxiliaryFiles": [],
      "hash": "21104cf8588abeb6",
      "childrenByOrder": {}
    },
    {
      "rendered": false,
      "initial": false,
      "entry": false,
      "recorded": false,
      "reason": "reused as split chunk (cache group: default)",
      "size": 210,
      "sizes": {
        "consume-shared": 210
      },
      "names": [],
      "idHints": [],
      "runtime": [
        "@openmrs/esm-patient-banner-app",
        "main"
      ],
      "files": [],
      "auxiliaryFiles": [],
      "hash": "3e5dd5c28ed57fe2",
      "childrenByOrder": {}
    },
    {
      "rendered": true,
      "initial": false,
      "entry": false,
      "recorded": false,
      "size": 685,
      "sizes": {
        "javascript": 685
      },
      "names": [],
      "idHints": [],
      "runtime": [
        "@openmrs/esm-patient-banner-app",
        "main"
      ],
      "files": [
        "8618.js"
      ],
      "auxiliaryFiles": [],
      "hash": "fba25cfd30601e2a",
      "childrenByOrder": {}
    },
    {
      "rendered": true,
      "initial": true,
      "entry": true,
      "recorded": false,
      "size": 1940743,
      "sizes": {
        "consume-shared": 210,
        "javascript": 1917441,
        "share-init": 420,
        "runtime": 22672
      },
      "names": [
        "main"
      ],
      "idHints": [],
      "runtime": [
        "main"
      ],
      "files": [
        "main.js"
      ],
      "auxiliaryFiles": [
        "main.js.map"
      ],
      "hash": "7add7df5fd778a76",
      "childrenByOrder": {}
    },
    {
      "rendered": true,
      "initial": false,
      "entry": false,
      "recorded": false,
      "size": 675,
      "sizes": {
        "javascript": 675
      },
      "names": [],
      "idHints": [],
      "runtime": [
        "@openmrs/esm-patient-banner-app",
        "main"
      ],
      "files": [
        "9214.js"
      ],
      "auxiliaryFiles": [],
      "hash": "c69cea7d17ca2b7d",
      "childrenByOrder": {}
    },
    {
      "rendered": true,
      "initial": false,
      "entry": false,
      "recorded": false,
      "size": 727,
      "sizes": {
        "javascript": 727
      },
      "names": [],
      "idHints": [],
      "runtime": [
        "@openmrs/esm-patient-banner-app",
        "main"
      ],
      "files": [
        "9538.js"
      ],
      "auxiliaryFiles": [],
      "hash": "253af8d513b9abe2",
      "childrenByOrder": {}
    },
    {
      "rendered": true,
      "initial": false,
      "entry": false,
      "recorded": false,
      "size": 685,
      "sizes": {
        "javascript": 685
      },
      "names": [],
      "idHints": [],
      "runtime": [
        "@openmrs/esm-patient-banner-app",
        "main"
      ],
      "files": [
        "9569.js"
      ],
      "auxiliaryFiles": [],
      "hash": "78a36f6646032e4f",
      "childrenByOrder": {}
    },
    {
      "rendered": true,
      "initial": false,
      "entry": false,
      "recorded": false,
      "size": 24274,
      "sizes": {
        "javascript": 24274
      },
      "names": [],
      "idHints": [],
      "runtime": [
        "@openmrs/esm-patient-banner-app",
        "main"
      ],
      "files": [
        "9876.js"
      ],
      "auxiliaryFiles": [
        "9876.js.map"
      ],
      "hash": "6bf1df883759cc60",
      "childrenByOrder": {}
    },
    {
      "rendered": true,
      "initial": false,
      "entry": false,
      "recorded": false,
      "size": 525,
      "sizes": {
        "javascript": 525
      },
      "names": [],
      "idHints": [],
      "runtime": [
        "@openmrs/esm-patient-banner-app",
        "main"
      ],
      "files": [
        "9879.js"
      ],
      "auxiliaryFiles": [],
      "hash": "71ffd2038f9e029f",
      "childrenByOrder": {}
    },
    {
      "rendered": true,
      "initial": false,
      "entry": false,
      "recorded": false,
      "size": 685,
      "sizes": {
        "javascript": 685
      },
      "names": [],
      "idHints": [],
      "runtime": [
        "@openmrs/esm-patient-banner-app",
        "main"
      ],
      "files": [
        "9895.js"
      ],
      "auxiliaryFiles": [],
      "hash": "e04901c1814f64c2",
      "childrenByOrder": {}
    },
    {
      "rendered": true,
      "initial": false,
      "entry": false,
      "recorded": false,
      "size": 685,
      "sizes": {
        "javascript": 685
      },
      "names": [],
      "idHints": [],
      "runtime": [
        "@openmrs/esm-patient-banner-app",
        "main"
      ],
      "files": [
        "9900.js"
      ],
      "auxiliaryFiles": [],
      "hash": "0ede41e2e2d90bd5",
      "childrenByOrder": {}
    },
    {
      "rendered": true,
      "initial": false,
      "entry": false,
      "recorded": false,
      "size": 685,
      "sizes": {
        "javascript": 685
      },
      "names": [],
      "idHints": [],
      "runtime": [
        "@openmrs/esm-patient-banner-app",
        "main"
      ],
      "files": [
        "9913.js"
      ],
      "auxiliaryFiles": [],
      "hash": "49e4929a9cbd6c13",
      "childrenByOrder": {}
    }
  ]
}