id,name,categ_id/id,type,uom_id/id,uom_po_id/id,purchase_ok,sale_ok,tracking,use_expiration_date,invoice_policy
init.b4c1e2f0-d7ca-48a1-ac23-df85d30344be,Acupan Injection 20mg,init.categ_products_drug_orders,product,init.d81e10fe-0f6a-4b75-b9c0-a5e72d56f3b2,init.d81e10fe-0f6a-4b75-b9c0-a5e72d56f3b2,TRUE,TRUE,By Lots,TRUE,Ordered quantities
init.ad76c82c-7f96-4dbc-905a-163a75aa0be8,Ambrosal Sirop,init.categ_products_drug_orders,product,init.bf712910-1c7f-4e72-9d50-6eb5453efcfd,init.bf712910-1c7f-4e72-9d50-6eb5453efcfd,TRUE,TRUE,By Lots,TRUE,Ordered quantities
init.66e2e474-83d0-47d4-9bad-e3f7edbc84d3,Anamol Comprimé,init.categ_products_drug_orders,product,init.391d2a1b-2aec-4bd7-b43b-e294e7f2b9b9,init.391d2a1b-2aec-4bd7-b43b-e294e7f2b9b9,TRUE,TRUE,By Lots,TRUE,Ordered quantities
init.e33c1482-84d4-4ce6-ac44-7944bda93fcb,Anamol Sirop,init.categ_products_drug_orders,product,init.bf712910-1c7f-4e72-9d50-6eb5453efcfd,init.bf712910-1c7f-4e72-9d50-6eb5453efcfd,TRUE,TRUE,By Lots,TRUE,Ordered quantities
init.65b267cb-b6cc-4d8b-8932-ae92c4d8f678,Antalgex Comprimé,init.categ_products_drug_orders,product,init.391d2a1b-2aec-4bd7-b43b-e294e7f2b9b9,init.391d2a1b-2aec-4bd7-b43b-e294e7f2b9b9,TRUE,TRUE,By Lots,TRUE,Ordered quantities
init.1fb262b7-ae9e-45a8-8200-282239d52eee,Artésunate Injection,init.categ_products_drug_orders,product,init.d81e10fe-0f6a-4b75-b9c0-a5e72d56f3b2,init.d81e10fe-0f6a-4b75-b9c0-a5e72d56f3b2,TRUE,TRUE,By Lots,TRUE,Ordered quantities
init.65d1e9c2-7424-4df3-bd64-211143d0f1c3,Artéméther-Luméfantrine Comprimé Boîte de 24,init.categ_products_drug_orders,product,init.391d2a1b-2aec-4bd7-b43b-e294e7f2b9b9,init.391d2a1b-2aec-4bd7-b43b-e294e7f2b9b9,TRUE,TRUE,By Lots,TRUE,Ordered quantities
init.1cca586a-cf7d-4076-a9c1-d18b80914e92,Artéméther-Luméfantrine Comprimé Boîte de 12,init.categ_products_drug_orders,product,init.391d2a1b-2aec-4bd7-b43b-e294e7f2b9b9,init.391d2a1b-2aec-4bd7-b43b-e294e7f2b9b9,TRUE,TRUE,By Lots,TRUE,Ordered quantities
init.d337d23d-a300-4f1a-b151-34c3b7f0d740,Artéméther-Luméfantrine Comprimé Boîte de 18,init.categ_products_drug_orders,product,init.391d2a1b-2aec-4bd7-b43b-e294e7f2b9b9,init.391d2a1b-2aec-4bd7-b43b-e294e7f2b9b9,TRUE,TRUE,By Lots,TRUE,Ordered quantities
init.d568c612-69ee-4e7f-b49c-f810cc0a43cd,Artéméther-Luméfantrine Comprimé Boîte de 6,init.categ_products_drug_orders,product,init.391d2a1b-2aec-4bd7-b43b-e294e7f2b9b9,init.391d2a1b-2aec-4bd7-b43b-e294e7f2b9b9,TRUE,TRUE,By Lots,TRUE,Ordered quantities
init.999343b4-e534-4618-8ca9-749237231906,Aténolol Comprimé 100mg,init.categ_products_drug_orders,product,init.391d2a1b-2aec-4bd7-b43b-e294e7f2b9b9,init.391d2a1b-2aec-4bd7-b43b-e294e7f2b9b9,TRUE,TRUE,By Lots,TRUE,Ordered quantities
init.08a8b7d6-a547-4fdc-829d-5102b17fbe13,Aténolol Comprimé 50mg,init.categ_products_drug_orders,product,init.391d2a1b-2aec-4bd7-b43b-e294e7f2b9b9,init.391d2a1b-2aec-4bd7-b43b-e294e7f2b9b9,TRUE,TRUE,By Lots,TRUE,Ordered quantities
init.8b2f8b7c-0015-400b-aa9e-82ffd91cf518,Atropine Injection,init.categ_products_drug_orders,product,init.d81e10fe-0f6a-4b75-b9c0-a5e72d56f3b2,init.d81e10fe-0f6a-4b75-b9c0-a5e72d56f3b2,TRUE,TRUE,By Lots,TRUE,Ordered quantities
init.f9adb25d-d3b0-4729-8f8c-1d59e46d7c2a,Aurocrome Collyre,init.categ_products_drug_orders,product,init.11ae7979-7bb6-49c7-9715-9adacc1b4005,init.11ae7979-7bb6-49c7-9715-9adacc1b4005,TRUE,TRUE,By Lots,TRUE,Ordered quantities
init.a4f28d5c-69fb-4a86-8f5c-6df7ad5f382c,Beclo Asma Spray,init.categ_products_drug_orders,product,init.2befd840-e135-4fc9-bb9d-acdcce088f19,init.2befd840-e135-4fc9-bb9d-acdcce088f19,TRUE,TRUE,By Lots,TRUE,Ordered quantities
init.8d52b68f-c7ad-40bc-b6aa-e6b31c7e6f8f,Betastène Flacon,init.categ_products_drug_orders,product,init.bf712910-1c7f-4e72-9d50-6eb5453efcfd,init.bf712910-1c7f-4e72-9d50-6eb5453efcfd,TRUE,TRUE,By Lots,TRUE,Ordered quantities
init.d9845548-478b-4bee-ac4c-3613f5e770b7,Biotyn Collyre,init.categ_products_drug_orders,product,init.11ae7979-7bb6-49c7-9715-9adacc1b4005,init.11ae7979-7bb6-49c7-9715-9adacc1b4005,TRUE,TRUE,By Lots,TRUE,Ordered quantities
init.2d6e1e33-dc05-4dc8-8a60-7beb344a97cd,Bisacodyl Comprimé 5mg,init.categ_products_drug_orders,product,init.391d2a1b-2aec-4bd7-b43b-e294e7f2b9b9,init.391d2a1b-2aec-4bd7-b43b-e294e7f2b9b9,TRUE,TRUE,By Lots,TRUE,Ordered quantities
init.28bc265a-f73b-4a3f-983c-4f51967446bc,Bupivacaïne Hyperbare Injection 20mg/4ml,init.categ_products_drug_orders,product,init.d81e10fe-0f6a-4b75-b9c0-a5e72d56f3b2,init.d81e10fe-0f6a-4b75-b9c0-a5e72d56f3b2,TRUE,TRUE,By Lots,TRUE,Ordered quantities
init.8b97d618-af96-46a9-aa37-24f599cebcf4,Calcium Comprimé 300mg,init.categ_products_drug_orders,product,init.391d2a1b-2aec-4bd7-b43b-e294e7f2b9b9,init.391d2a1b-2aec-4bd7-b43b-e294e7f2b9b9,TRUE,TRUE,By Lots,TRUE,Ordered quantities
init.503f389c-adb2-45e6-ac1f-c4722e209380,Cefixime Comprimé 400mg,init.categ_products_drug_orders,product,init.391d2a1b-2aec-4bd7-b43b-e294e7f2b9b9,init.391d2a1b-2aec-4bd7-b43b-e294e7f2b9b9,TRUE,TRUE,By Lots,TRUE,Ordered quantities
init.6448b20c-b21a-4d78-92f5-8f99c3c07af6,Cefixime Suspension 200mg,init.categ_products_drug_orders,product,init.bf712910-1c7f-4e72-9d50-6eb5453efcfd,init.bf712910-1c7f-4e72-9d50-6eb5453efcfd,TRUE,TRUE,By Lots,TRUE,Ordered quantities
init.d2ebc592-3ebe-4a44-b374-32c82745069e,Chibrocadron Collyre,init.categ_products_drug_orders,product,init.11ae7979-7bb6-49c7-9715-9adacc1b4005,init.11ae7979-7bb6-49c7-9715-9adacc1b4005,TRUE,TRUE,By Lots,TRUE,Ordered quantities
init.6991af07-a557-4326-acea-dfab522b4122,Chloramphénicol Gélule 250mg,init.categ_products_drug_orders,product,init.94b2f0e7-0885-430f-8733-e2a93f03095d,init.94b2f0e7-0885-430f-8733-e2a93f03095d,TRUE,TRUE,By Lots,TRUE,Ordered quantities
init.d6d47995-7dcd-405c-980a-0a7b912095b4,Chlorhexidine 1% Flacon 300ml,init.categ_products_drug_orders,product,init.bf712910-1c7f-4e72-9d50-6eb5453efcfd,init.bf712910-1c7f-4e72-9d50-6eb5453efcfd,TRUE,TRUE,By Lots,TRUE,Ordered quantities
init.ced4e98f-6415-400a-a24e-01e0338c5361,Ciptoxen-D Collyre 0.3%,init.categ_products_drug_orders,product,init.11ae7979-7bb6-49c7-9715-9adacc1b4005,init.11ae7979-7bb6-49c7-9715-9adacc1b4005,TRUE,TRUE,By Lots,TRUE,Ordered quantities
init.86ee5756-be99-4cf1-bd07-64ae58072376,Clotrimazole Ovule,init.categ_products_drug_orders,product,init.bbe6f178-8adf-401c-89e4-ca8e0ccc378a,init.bbe6f178-8adf-401c-89e4-ca8e0ccc378a,TRUE,TRUE,By Lots,TRUE,Ordered quantities
init.18f38708-0f59-442a-b545-4a767e901534,Clotrine B Crème,init.categ_products_drug_orders,product,init.72262ed3-d3e2-4c94-b4d6-567934107481,init.72262ed3-d3e2-4c94-b4d6-567934107481,TRUE,TRUE,By Lots,TRUE,Ordered quantities
init.fe72403a-4b29-4673-babd-23b7e464e9b1,Clotrine BG Crème,init.categ_products_drug_orders,product,init.72262ed3-d3e2-4c94-b4d6-567934107481,init.72262ed3-d3e2-4c94-b4d6-567934107481,TRUE,TRUE,By Lots,TRUE,Ordered quantities
init.baa197ef-bbdd-4c73-844a-9b2282d19722,Clotrine Crème,init.categ_products_drug_orders,product,init.72262ed3-d3e2-4c94-b4d6-567934107481,init.72262ed3-d3e2-4c94-b4d6-567934107481,TRUE,TRUE,By Lots,TRUE,Ordered quantities
init.93c9b10e-bcf8-458b-934a-a6ca52b406c9,Colchicine Comprimé,init.categ_products_drug_orders,product,init.391d2a1b-2aec-4bd7-b43b-e294e7f2b9b9,init.391d2a1b-2aec-4bd7-b43b-e294e7f2b9b9,TRUE,TRUE,By Lots,TRUE,Ordered quantities
init.117f5875-d314-400d-bf53-c209ed67665b,Cold Cap Sirop,init.categ_products_drug_orders,product,init.bf712910-1c7f-4e72-9d50-6eb5453efcfd,init.bf712910-1c7f-4e72-9d50-6eb5453efcfd,TRUE,TRUE,By Lots,TRUE,Ordered quantities
init.63635c7e-dd5b-4374-8eec-17b68cc4297a,Dermobacter Flacon 125ml,init.categ_products_drug_orders,product,init.bf712910-1c7f-4e72-9d50-6eb5453efcfd,init.bf712910-1c7f-4e72-9d50-6eb5453efcfd,TRUE,TRUE,By Lots,TRUE,Ordered quantities
init.aba85f83-6de3-41f0-a090-3ffd43cab6d3,Dettol Solution 1L,init.categ_products_drug_orders,product,init.bf712910-1c7f-4e72-9d50-6eb5453efcfd,init.bf712910-1c7f-4e72-9d50-6eb5453efcfd,TRUE,TRUE,By Lots,TRUE,Ordered quantities
init.3a771f35-d1d8-440c-b669-acacab0d80b6,Dicytam Injection,init.categ_products_drug_orders,product,init.d81e10fe-0f6a-4b75-b9c0-a5e72d56f3b2,init.d81e10fe-0f6a-4b75-b9c0-a5e72d56f3b2,TRUE,TRUE,By Lots,TRUE,Ordered quantities
init.7f5ac2b5-ae07-4c71-a593-0572457b69d6,Eau de Javel Flacon,init.categ_products_drug_orders,product,init.bf712910-1c7f-4e72-9d50-6eb5453efcfd,init.bf712910-1c7f-4e72-9d50-6eb5453efcfd,TRUE,TRUE,By Lots,TRUE,Ordered quantities
init.d02dc08f-e58c-4746-9c33-e68cbb54ad1b,Éphédrine Injection 30mg,init.categ_products_drug_orders,product,init.d81e10fe-0f6a-4b75-b9c0-a5e72d56f3b2,init.d81e10fe-0f6a-4b75-b9c0-a5e72d56f3b2,TRUE,TRUE,By Lots,TRUE,Ordered quantities
init.b6feb15b-fa78-4081-84a3-41a88f6da77a,Femigeston Comprimé 100mg,init.categ_products_drug_orders,product,init.391d2a1b-2aec-4bd7-b43b-e294e7f2b9b9,init.391d2a1b-2aec-4bd7-b43b-e294e7f2b9b9,TRUE,TRUE,By Lots,TRUE,Ordered quantities
init.467e3a06-d69c-4e99-b4fa-47bde075dcc0,Fentanyl Injection 0.5mg/10ml,init.categ_products_drug_orders,product,init.d81e10fe-0f6a-4b75-b9c0-a5e72d56f3b2,init.d81e10fe-0f6a-4b75-b9c0-a5e72d56f3b2,TRUE,TRUE,By Lots,TRUE,Ordered quantities
init.fa4d9028-0c55-4617-8816-34c2162a4a65,Fluomet Collyre,init.categ_products_drug_orders,product,init.11ae7979-7bb6-49c7-9715-9adacc1b4005,init.11ae7979-7bb6-49c7-9715-9adacc1b4005,TRUE,TRUE,By Lots,TRUE,Ordered quantities
init.fabb2ba4-2aeb-4d8c-817f-471187b35d59,Fluothane Flacon,init.categ_products_drug_orders,product,init.bf712910-1c7f-4e72-9d50-6eb5453efcfd,init.bf712910-1c7f-4e72-9d50-6eb5453efcfd,TRUE,TRUE,By Lots,TRUE,Ordered quantities
init.6d2e2e3e-80e0-4381-9989-35430b318df4,Funbact Crème,init.categ_products_drug_orders,product,init.72262ed3-d3e2-4c94-b4d6-567934107481,init.72262ed3-d3e2-4c94-b4d6-567934107481,TRUE,TRUE,By Lots,TRUE,Ordered quantities
init.200cf098-d019-47f1-865f-7ec9099d49be,Gel Larmes Collyre,init.categ_products_drug_orders,product,init.11ae7979-7bb6-49c7-9715-9adacc1b4005,init.11ae7979-7bb6-49c7-9715-9adacc1b4005,TRUE,TRUE,By Lots,TRUE,Ordered quantities
init.90c3a1be-2bd0-4e56-93d1-06d99b1caebe,Gluconate de Calcium Injection,init.categ_products_drug_orders,product,init.d81e10fe-0f6a-4b75-b9c0-a5e72d56f3b2,init.d81e10fe-0f6a-4b75-b9c0-a5e72d56f3b2,TRUE,TRUE,By Lots,TRUE,Ordered quantities
init.7c3c04ae-668f-4526-89a9-a435bbcb71b8,Grippe Water Flacon,init.categ_products_drug_orders,product,init.bf712910-1c7f-4e72-9d50-6eb5453efcfd,init.bf712910-1c7f-4e72-9d50-6eb5453efcfd,TRUE,TRUE,By Lots,TRUE,Ordered quantities
init.5c6775e6-1a75-47ff-9da4-a9ff718ae3f0,Griséofulvine Comprimé 500mg,init.categ_products_drug_orders,product,init.391d2a1b-2aec-4bd7-b43b-e294e7f2b9b9,init.391d2a1b-2aec-4bd7-b43b-e294e7f2b9b9,TRUE,TRUE,By Lots,TRUE,Ordered quantities
init.edb36207-2e2c-4e56-b8f4-199b130445c8,Haemacel Solution 500ml,init.categ_products_drug_orders,product,init.bf712910-1c7f-4e72-9d50-6eb5453efcfd,init.bf712910-1c7f-4e72-9d50-6eb5453efcfd,TRUE,TRUE,By Lots,TRUE,Ordered quantities
init.21da225a-7dd3-4dd8-aa79-ee99b033c4ef,Histalyn,init.categ_products_drug_orders,product,init.c4b6c7b7-4906-4f76-af51-60ec9a34932e,init.c4b6c7b7-4906-4f76-af51-60ec9a34932e,TRUE,TRUE,By Lots,TRUE,Ordered quantities
init.3cc8ca86-64b1-4b39-bbd2-0a64197d70ce,Hyoscine (Buscopan) Injection 20mg,init.categ_products_drug_orders,product,init.d81e10fe-0f6a-4b75-b9c0-a5e72d56f3b2,init.d81e10fe-0f6a-4b75-b9c0-a5e72d56f3b2,TRUE,TRUE,By Lots,TRUE,Ordered quantities
init.c1465fc9-88a4-43bd-abc9-04124e1525e6,Indométacine Gélule 25mg,init.categ_products_drug_orders,product,init.94b2f0e7-0885-430f-8733-e2a93f03095d,init.94b2f0e7-0885-430f-8733-e2a93f03095d,TRUE,TRUE,By Lots,TRUE,Ordered quantities
init.7dfe0e76-dc6b-40ff-86ff-9302d9d64a59,Insuline Rapide Flacon 10ml,init.categ_products_drug_orders,product,init.bf712910-1c7f-4e72-9d50-6eb5453efcfd,init.bf712910-1c7f-4e72-9d50-6eb5453efcfd,TRUE,TRUE,By Lots,TRUE,Ordered quantities
init.c933087b-291a-4011-8681-f93d1e04325f,Insuline Semi-Lente Flacon 10ml,init.categ_products_drug_orders,product,init.bf712910-1c7f-4e72-9d50-6eb5453efcfd,init.bf712910-1c7f-4e72-9d50-6eb5453efcfd,TRUE,TRUE,By Lots,TRUE,Ordered quantities
init.ec4b3fff-3f65-4b9c-9440-ce99f4b60eaa,Ketac Collyre 0.5%,init.categ_products_drug_orders,product,init.11ae7979-7bb6-49c7-9715-9adacc1b4005,init.11ae7979-7bb6-49c7-9715-9adacc1b4005,TRUE,TRUE,By Lots,TRUE,Ordered quantities
init.c045fba5-5f0f-4fe6-8c5a-3427e867748f,Kétamine Injection 250mg/2ml,init.categ_products_drug_orders,product,init.d81e10fe-0f6a-4b75-b9c0-a5e72d56f3b2,init.d81e10fe-0f6a-4b75-b9c0-a5e72d56f3b2,TRUE,TRUE,By Lots,TRUE,Ordered quantities
init.0539c860-2b7d-4479-aae9-b4442e69c4a5,Ketolac Collyre,init.categ_products_drug_orders,product,init.11ae7979-7bb6-49c7-9715-9adacc1b4005,init.11ae7979-7bb6-49c7-9715-9adacc1b4005,TRUE,TRUE,By Lots,TRUE,Ordered quantities
init.7c53c3c8-3922-494c-ba25-6527036a44d3,Knac-75 Comprimé,init.categ_products_drug_orders,product,init.391d2a1b-2aec-4bd7-b43b-e294e7f2b9b9,init.391d2a1b-2aec-4bd7-b43b-e294e7f2b9b9,TRUE,TRUE,By Lots,TRUE,Ordered quantities
init.a265ea14-249b-49de-9f2a-109c132be1e0,Lovir Pommade,init.categ_products_drug_orders,product,init.72262ed3-d3e2-4c94-b4d6-567934107481,init.72262ed3-d3e2-4c94-b4d6-567934107481,TRUE,TRUE,By Lots,TRUE,Ordered quantities
init.583a431d-98eb-455f-8e3e-9fb898a5d2be,Mébendazole Comprimé 100mg,init.categ_products_drug_orders,product,init.391d2a1b-2aec-4bd7-b43b-e294e7f2b9b9,init.391d2a1b-2aec-4bd7-b43b-e294e7f2b9b9,TRUE,TRUE,By Lots,TRUE,Ordered quantities
init.6e4eab20-6ce8-4d37-8872-a4ff5280528d,Mébendazole Suspension Flacon 60ml,init.categ_products_drug_orders,product,init.bf712910-1c7f-4e72-9d50-6eb5453efcfd,init.bf712910-1c7f-4e72-9d50-6eb5453efcfd,TRUE,TRUE,By Lots,TRUE,Ordered quantities
init.217cbdf8-1cf3-4ecb-826a-cd018162d2ed,Metadex Collyre 0.5%,init.categ_products_drug_orders,product,init.11ae7979-7bb6-49c7-9715-9adacc1b4005,init.11ae7979-7bb6-49c7-9715-9adacc1b4005,TRUE,TRUE,By Lots,TRUE,Ordered quantities
init.1dc2913c-616f-4376-acbd-693a22608331,Metadrol Pommade,init.categ_products_drug_orders,product,init.72262ed3-d3e2-4c94-b4d6-567934107481,init.72262ed3-d3e2-4c94-b4d6-567934107481,TRUE,TRUE,By Lots,TRUE,Ordered quantities
init.07ddeb9c-1029-4ee0-a5ca-08d7db2e409b,Métoclopramide Comprimé 10mg,init.categ_products_drug_orders,product,init.391d2a1b-2aec-4bd7-b43b-e294e7f2b9b9,init.391d2a1b-2aec-4bd7-b43b-e294e7f2b9b9,TRUE,TRUE,By Lots,TRUE,Ordered quantities
init.e9fbedf1-95fb-4b32-bf51-389b35c6c6ee,Métoclopramide (Primpéran) Injection 10mg,init.categ_products_drug_orders,product,init.d81e10fe-0f6a-4b75-b9c0-a5e72d56f3b2,init.d81e10fe-0f6a-4b75-b9c0-a5e72d56f3b2,TRUE,TRUE,By Lots,TRUE,Ordered quantities
init.bd3c56b5-85b3-4e33-9b37-b9618486c2c2,Metrolex/Spinorgy Suspension,init.categ_products_drug_orders,product,init.bf712910-1c7f-4e72-9d50-6eb5453efcfd,init.bf712910-1c7f-4e72-9d50-6eb5453efcfd,TRUE,TRUE,By Lots,TRUE,Ordered quantities
init.9737a51c-6b51-43fb-bf8d-5d4960a189e9,Métronidazole et Norfloxacine Flacon,init.categ_products_drug_orders,product,init.bf712910-1c7f-4e72-9d50-6eb5453efcfd,init.bf712910-1c7f-4e72-9d50-6eb5453efcfd,TRUE,TRUE,By Lots,TRUE,Ordered quantities
init.86974a5d-5c7f-44ef-b72a-cb78ff943894,Morphine Injection,init.categ_products_drug_orders,product,init.d81e10fe-0f6a-4b75-b9c0-a5e72d56f3b2,init.d81e10fe-0f6a-4b75-b9c0-a5e72d56f3b2,TRUE,TRUE,By Lots,TRUE,Ordered quantities
init.96bd46b0-daaa-49f5-bca3-0a9d44d1c8cd,Naloxone Injection,init.categ_products_drug_orders,product,init.d81e10fe-0f6a-4b75-b9c0-a5e72d56f3b2,init.d81e10fe-0f6a-4b75-b9c0-a5e72d56f3b2,TRUE,TRUE,By Lots,TRUE,Ordered quantities
init.9fcb495c-647e-4db0-94c0-934ca0774409,Néostigmine Injection 0.5mg/ml,init.categ_products_drug_orders,product,init.d81e10fe-0f6a-4b75-b9c0-a5e72d56f3b2,init.d81e10fe-0f6a-4b75-b9c0-a5e72d56f3b2,TRUE,TRUE,By Lots,TRUE,Ordered quantities
init.3de37fd0-6ab0-4a25-90ff-73a022cc1f16,Neurontin Comprimé 100mg,init.categ_products_drug_orders,product,init.391d2a1b-2aec-4bd7-b43b-e294e7f2b9b9,init.391d2a1b-2aec-4bd7-b43b-e294e7f2b9b9,TRUE,TRUE,By Lots,TRUE,Ordered quantities
init.f0fffe3a-ab4f-46b5-a15c-017039650428,Occumycine Pommade,init.categ_products_drug_orders,product,init.72262ed3-d3e2-4c94-b4d6-567934107481,init.72262ed3-d3e2-4c94-b4d6-567934107481,TRUE,TRUE,By Lots,TRUE,Ordered quantities
init.6128a466-15d5-402a-93d2-2c5c5431417c,Occurest Collyre,init.categ_products_drug_orders,product,init.11ae7979-7bb6-49c7-9715-9adacc1b4005,init.11ae7979-7bb6-49c7-9715-9adacc1b4005,TRUE,TRUE,By Lots,TRUE,Ordered quantities
init.a7e126cb-6045-4b3a-96cb-e46bc8d6c05c,Oméprazole Injection,init.categ_products_drug_orders,product,init.bf712910-1c7f-4e72-9d50-6eb5453efcfd,init.bf712910-1c7f-4e72-9d50-6eb5453efcfd,TRUE,TRUE,By Lots,TRUE,Ordered quantities
init.c6b19c1e-de9e-4a10-a5ad-2918d5e98bf9,Ondastron Injection,init.categ_products_drug_orders,product,init.d81e10fe-0f6a-4b75-b9c0-a5e72d56f3b2,init.d81e10fe-0f6a-4b75-b9c0-a5e72d56f3b2,TRUE,TRUE,By Lots,TRUE,Ordered quantities
init.5d66b9b2-7262-4699-a2ca-8492dc43fd66,Otofa Gouttes Auriculaires,init.categ_products_drug_orders,product,init.11ae7979-7bb6-49c7-9715-9adacc1b4005,init.11ae7979-7bb6-49c7-9715-9adacc1b4005,TRUE,TRUE,By Lots,TRUE,Ordered quantities
init.9ae8c5ed-be90-4d26-88cf-f83d57500efa,Palutrine Comprimé 480mg,init.categ_products_drug_orders,product,init.391d2a1b-2aec-4bd7-b43b-e294e7f2b9b9,init.391d2a1b-2aec-4bd7-b43b-e294e7f2b9b9,TRUE,TRUE,By Lots,TRUE,Ordered quantities
init.9a139f8a-db0e-4e5f-b8bb-b73b1e769172,Pénicilline V (Phénoxyméthylpénicilline) Flacon 1MUI,init.categ_products_drug_orders,product,init.bf712910-1c7f-4e72-9d50-6eb5453efcfd,init.bf712910-1c7f-4e72-9d50-6eb5453efcfd,TRUE,TRUE,By Lots,TRUE,Ordered quantities
init.a486aafd-0805-49a7-82ec-16e77522309d,Auropred (Prednisolone) Collyre,init.categ_products_drug_orders,product,init.11ae7979-7bb6-49c7-9715-9adacc1b4005,init.11ae7979-7bb6-49c7-9715-9adacc1b4005,TRUE,TRUE,By Lots,TRUE,Ordered quantities
init.9c1c512a-b0d0-4abe-ba39-24488425059f,Prométhazine Comprimé,init.categ_products_drug_orders,product,init.391d2a1b-2aec-4bd7-b43b-e294e7f2b9b9,init.391d2a1b-2aec-4bd7-b43b-e294e7f2b9b9,TRUE,TRUE,By Lots,TRUE,Ordered quantities
init.3133e06b-3e0d-463c-a27c-3f2d14d20ccf,Propofol Injection,init.categ_products_drug_orders,product,init.d81e10fe-0f6a-4b75-b9c0-a5e72d56f3b2,init.d81e10fe-0f6a-4b75-b9c0-a5e72d56f3b2,TRUE,TRUE,By Lots,TRUE,Ordered quantities
init.6b8ce408-4909-4edc-87f0-6a856f4f7294,Rogophen (CAF) Collyre,init.categ_products_drug_orders,product,init.11ae7979-7bb6-49c7-9715-9adacc1b4005,init.11ae7979-7bb6-49c7-9715-9adacc1b4005,TRUE,TRUE,By Lots,TRUE,Ordered quantities
init.75426536-50fb-4f71-81c6-06f2277a406c,Salbutamol Solution pour Nébulisation,init.categ_products_drug_orders,product,init.d81e10fe-0f6a-4b75-b9c0-a5e72d56f3b2,init.d81e10fe-0f6a-4b75-b9c0-a5e72d56f3b2,TRUE,TRUE,By Lots,TRUE,Ordered quantities
init.b77b2146-1173-4c1c-b788-e3303a6f0c54,Sildénafil Comprimé,init.categ_products_drug_orders,product,init.391d2a1b-2aec-4bd7-b43b-e294e7f2b9b9,init.391d2a1b-2aec-4bd7-b43b-e294e7f2b9b9,TRUE,TRUE,By Lots,TRUE,Ordered quantities
init.db5bf717-f20a-467b-828c-8ed36984c8d5,Soluté NaCl 0.9% 500ml,init.categ_products_drug_orders,product,init.bf712910-1c7f-4e72-9d50-6eb5453efcfd,init.bf712910-1c7f-4e72-9d50-6eb5453efcfd,TRUE,TRUE,By Lots,TRUE,Ordered quantities
init.b931f08b-94e8-425a-878c-d651b29d7720,Spasnol Comprimé 80mg,init.categ_products_drug_orders,product,init.391d2a1b-2aec-4bd7-b43b-e294e7f2b9b9,init.391d2a1b-2aec-4bd7-b43b-e294e7f2b9b9,TRUE,TRUE,By Lots,TRUE,Ordered quantities
init.31b26b90-e8fe-47af-9771-86805f270fd7,Solution de Réhydratation Orale Sachet,init.categ_products_drug_orders,product,init.c4b6c7b7-4906-4f76-af51-60ec9a34932e,init.c4b6c7b7-4906-4f76-af51-60ec9a34932e,TRUE,TRUE,By Lots,TRUE,Ordered quantities
init.dde7cb81-78c6-4918-b307-a5902c2a2a74,Succinylcholine Injection,init.categ_products_drug_orders,product,init.d81e10fe-0f6a-4b75-b9c0-a5e72d56f3b2,init.d81e10fe-0f6a-4b75-b9c0-a5e72d56f3b2,TRUE,TRUE,By Lots,TRUE,Ordered quantities
init.ce121aea-7dbe-4979-ac7d-07f1cb925b9f,Sulfate de Magnésium Injection,init.categ_products_drug_orders,product,init.d81e10fe-0f6a-4b75-b9c0-a5e72d56f3b2,init.d81e10fe-0f6a-4b75-b9c0-a5e72d56f3b2,TRUE,TRUE,By Lots,TRUE,Ordered quantities
init.b2306702-3f47-4910-885b-9c236dbc64b8,Thermocure Crème,init.categ_products_drug_orders,product,init.72262ed3-d3e2-4c94-b4d6-567934107481,init.72262ed3-d3e2-4c94-b4d6-567934107481,TRUE,TRUE,By Lots,TRUE,Ordered quantities
init.55d1010c-485b-41eb-95c4-247259227038,Timosol Collyre,init.categ_products_drug_orders,product,init.11ae7979-7bb6-49c7-9715-9adacc1b4005,init.11ae7979-7bb6-49c7-9715-9adacc1b4005,TRUE,TRUE,By Lots,TRUE,Ordered quantities
init.69f57aba-a1c3-4405-89b9-6425f94096fd,Tob Dex Collyre,init.categ_products_drug_orders,product,init.11ae7979-7bb6-49c7-9715-9adacc1b4005,init.11ae7979-7bb6-49c7-9715-9adacc1b4005,TRUE,TRUE,By Lots,TRUE,Ordered quantities
init.634cc60c-29e1-45cc-b7a4-025682996acf,Upacof Expectorant Flacon,init.categ_products_drug_orders,product,init.bf712910-1c7f-4e72-9d50-6eb5453efcfd,init.bf712910-1c7f-4e72-9d50-6eb5453efcfd,TRUE,TRUE,By Lots,TRUE,Ordered quantities
init.e3661b89-123d-4946-96ea-791dc5b281cf,Upacof Pédiatrique Sirop,init.categ_products_drug_orders,product,init.bf712910-1c7f-4e72-9d50-6eb5453efcfd,init.bf712910-1c7f-4e72-9d50-6eb5453efcfd,TRUE,TRUE,By Lots,TRUE,Ordered quantities
init.c57d9595-4360-49ce-a349-4fdf1eab4921,X-Sone Collyre,init.categ_products_drug_orders,product,init.11ae7979-7bb6-49c7-9715-9adacc1b4005,init.11ae7979-7bb6-49c7-9715-9adacc1b4005,TRUE,TRUE,By Lots,TRUE,Ordered quantities
init.240ca3aa-0c6d-4427-8fa9-4080e22e18c6,Oxygène,init.categ_products_drug_orders,product,init.c4b6c7b7-4906-4f76-af51-60ec9a34932e,init.c4b6c7b7-4906-4f76-af51-60ec9a34932e,TRUE,TRUE,By Lots,TRUE,Ordered quantities
init.f26cf0e0-cb97-4227-a7dd-dffaf72d9b8d,Halothane Flacon,init.categ_products_drug_orders,product,init.bf712910-1c7f-4e72-9d50-6eb5453efcfd,init.bf712910-1c7f-4e72-9d50-6eb5453efcfd,TRUE,TRUE,By Lots,TRUE,Ordered quantities
init.f757c47e-ba33-49c8-b480-86b833d7fe2c,Abaisse-langue en bois,init.categ_products_drug_orders,product,init.c4b6c7b7-4906-4f76-af51-60ec9a34932e,init.c4b6c7b7-4906-4f76-af51-60ec9a34932e,TRUE,TRUE,By Lots,TRUE,Ordered quantities
init.deca7191-b059-4ca7-96bf-d1f4fd464566,Aiguille à ponction lombaire G22,init.categ_products_drug_orders,product,init.c4b6c7b7-4906-4f76-af51-60ec9a34932e,init.c4b6c7b7-4906-4f76-af51-60ec9a34932e,TRUE,TRUE,By Lots,TRUE,Ordered quantities
init.385415b2-8acb-4059-9f41-fc80cdb28536,Aiguille à ponction lombaire G25,init.categ_products_drug_orders,product,init.c4b6c7b7-4906-4f76-af51-60ec9a34932e,init.c4b6c7b7-4906-4f76-af51-60ec9a34932e,TRUE,TRUE,By Lots,TRUE,Ordered quantities
init.c76c5115-afe7-425f-9e97-d2c8bb6c32dd,Aiguille G19 (Prélèvement),init.categ_products_drug_orders,product,init.c4b6c7b7-4906-4f76-af51-60ec9a34932e,init.c4b6c7b7-4906-4f76-af51-60ec9a34932e,TRUE,TRUE,By Lots,TRUE,Ordered quantities
init.1a22d90c-8bf4-45ad-b141-a68cfe976496,Aiguille G21 (Prélèvement),init.categ_products_drug_orders,product,init.c4b6c7b7-4906-4f76-af51-60ec9a34932e,init.c4b6c7b7-4906-4f76-af51-60ec9a34932e,TRUE,TRUE,By Lots,TRUE,Ordered quantities
init.cfef94fa-ba16-4c1f-b564-30f56d4cddb8,Aiguille G22 (Prélèvement),init.categ_products_drug_orders,product,init.c4b6c7b7-4906-4f76-af51-60ec9a34932e,init.c4b6c7b7-4906-4f76-af51-60ec9a34932e,TRUE,TRUE,By Lots,TRUE,Ordered quantities
init.29260dcc-9dcd-4315-b5ed-bdfe6792706f,Aiguille G23 (Prélèvement),init.categ_products_drug_orders,product,init.c4b6c7b7-4906-4f76-af51-60ec9a34932e,init.c4b6c7b7-4906-4f76-af51-60ec9a34932e,TRUE,TRUE,By Lots,TRUE,Ordered quantities
init.b73dae17-d783-4405-aaf9-386d115b4bee,Cathéter G22,init.categ_products_drug_orders,product,init.c4b6c7b7-4906-4f76-af51-60ec9a34932e,init.c4b6c7b7-4906-4f76-af51-60ec9a34932e,TRUE,TRUE,By Lots,TRUE,Ordered quantities
init.a76d2394-7da7-4447-801e-debc75a1cd59,Coton hydrophile 500g,init.categ_products_drug_orders,product,init.c4b6c7b7-4906-4f76-af51-60ec9a34932e,init.c4b6c7b7-4906-4f76-af51-60ec9a34932e,TRUE,TRUE,By Lots,TRUE,Ordered quantities
init.8dd3ab60-0ffa-402d-923e-febe7e0d04b5,Pogal N° 3/0,init.categ_products_drug_orders,product,init.c4b6c7b7-4906-4f76-af51-60ec9a34932e,init.c4b6c7b7-4906-4f76-af51-60ec9a34932e,TRUE,TRUE,By Lots,TRUE,Ordered quantities
init.8c9c4875-7945-4e5b-b540-911428359888,Gants gynécologiques,init.categ_products_drug_orders,product,init.c4b6c7b7-4906-4f76-af51-60ec9a34932e,init.c4b6c7b7-4906-4f76-af51-60ec9a34932e,TRUE,TRUE,By Lots,TRUE,Ordered quantities
init.e37eab30-6536-4a17-bfce-923b206f907b,Seringue 50ml,init.categ_products_drug_orders,product,init.c4b6c7b7-4906-4f76-af51-60ec9a34932e,init.c4b6c7b7-4906-4f76-af51-60ec9a34932e,TRUE,TRUE,By Lots,TRUE,Ordered quantities
init.a14a9244-2385-48b3-97cb-00df0cff240b,Sonde d'aspiration,init.categ_products_drug_orders,product,init.c4b6c7b7-4906-4f76-af51-60ec9a34932e,init.c4b6c7b7-4906-4f76-af51-60ec9a34932e,TRUE,TRUE,By Lots,TRUE,Ordered quantities
init.be5b5aec-0147-4d76-9e8f-5252f74188d8,Sonde nasogastrique,init.categ_products_drug_orders,product,init.c4b6c7b7-4906-4f76-af51-60ec9a34932e,init.c4b6c7b7-4906-4f76-af51-60ec9a34932e,TRUE,TRUE,By Lots,TRUE,Ordered quantities
init.5aa469d4-ddc6-4044-9607-bb25518031f1,Sonde urinaire N° 14,init.categ_products_drug_orders,product,init.c4b6c7b7-4906-4f76-af51-60ec9a34932e,init.c4b6c7b7-4906-4f76-af51-60ec9a34932e,TRUE,TRUE,By Lots,TRUE,Ordered quantities
init.251caad1-14f3-4d5a-9233-ef5077acd5b3,Sonde urinaire N° 16,init.categ_products_drug_orders,product,init.c4b6c7b7-4906-4f76-af51-60ec9a34932e,init.c4b6c7b7-4906-4f76-af51-60ec9a34932e,TRUE,TRUE,By Lots,TRUE,Ordered quantities
init.e8d0cca7-f80f-4b70-8777-c158a4f996f4,Sonde urinaire N° 18,init.categ_products_drug_orders,product,init.c4b6c7b7-4906-4f76-af51-60ec9a34932e,init.c4b6c7b7-4906-4f76-af51-60ec9a34932e,TRUE,TRUE,By Lots,TRUE,Ordered quantities
init.84a8d85e-9155-470c-912b-ae78dd9fbe4e,Enveloppe,init.categ_products_drug_orders,product,init.c4b6c7b7-4906-4f76-af51-60ec9a34932e,init.c4b6c7b7-4906-4f76-af51-60ec9a34932e,TRUE,TRUE,By Lots,TRUE,Ordered quantities
init.3b85aa25-336d-46c4-aa4d-83d4352a10d1,DVD,init.categ_products_drug_orders,product,init.c4b6c7b7-4906-4f76-af51-60ec9a34932e,init.c4b6c7b7-4906-4f76-af51-60ec9a34932e,TRUE,TRUE,By Lots,TRUE,Ordered quantities
init.445330a6-fb94-498a-9dd4-d3f0cb80171d,Lunettes Faux Papillon Plastique,init.categ_products_drug_orders,product,init.c4b6c7b7-4906-4f76-af51-60ec9a34932e,init.c4b6c7b7-4906-4f76-af51-60ec9a34932e,TRUE,TRUE,By Lots,TRUE,Ordered quantities
init.82353324-f33b-4d6e-99be-973a39d89829,Lunettes Faux Papillon Métallique,init.categ_products_drug_orders,product,init.c4b6c7b7-4906-4f76-af51-60ec9a34932e,init.c4b6c7b7-4906-4f76-af51-60ec9a34932e,TRUE,TRUE,By Lots,TRUE,Ordered quantities
init.04751b87-aaaf-4978-82db-03092eaa24fe,Lunettes Reading Plastique,init.categ_products_drug_orders,product,init.c4b6c7b7-4906-4f76-af51-60ec9a34932e,init.c4b6c7b7-4906-4f76-af51-60ec9a34932e,TRUE,TRUE,By Lots,TRUE,Ordered quantities
init.e04d45ae-faeb-4134-bdc5-42bc2100356a,Lunettes Turquie Plastique,init.categ_products_drug_orders,product,init.c4b6c7b7-4906-4f76-af51-60ec9a34932e,init.c4b6c7b7-4906-4f76-af51-60ec9a34932e,TRUE,TRUE,By Lots,TRUE,Ordered quantities
init.6078c8fa-2fa7-473d-9c7f-49ea69bd01ce,Flacon à urines,init.categ_products_drug_orders,product,init.c4b6c7b7-4906-4f76-af51-60ec9a34932e,init.c4b6c7b7-4906-4f76-af51-60ec9a34932e,TRUE,TRUE,By Lots,TRUE,Ordered quantities
init.6b561480-3352-46c8-a54c-4d0c5999aef6,Flacon à selles,init.categ_products_drug_orders,product,init.c4b6c7b7-4906-4f76-af51-60ec9a34932e,init.c4b6c7b7-4906-4f76-af51-60ec9a34932e,TRUE,TRUE,By Lots,TRUE,Ordered quantities
init.91aa626d-7a1c-4d95-847e-8a7181c19d0f,Tube sec,init.categ_products_drug_orders,product,init.c4b6c7b7-4906-4f76-af51-60ec9a34932e,init.c4b6c7b7-4906-4f76-af51-60ec9a34932e,TRUE,TRUE,By Lots,TRUE,Ordered quantities
init.079364b7-8669-42a1-b737-7bf5a87c8a20,Tube d'intubation,init.categ_products_drug_orders,product,init.c4b6c7b7-4906-4f76-af51-60ec9a34932e,init.c4b6c7b7-4906-4f76-af51-60ec9a34932e,TRUE,TRUE,By Lots,TRUE,Ordered quantities
init.40e8b4e5-0273-4c2b-8b43-845c75c5e093,Seringue bilatérale,init.categ_products_drug_orders,product,init.c4b6c7b7-4906-4f76-af51-60ec9a34932e,init.c4b6c7b7-4906-4f76-af51-60ec9a34932e,TRUE,TRUE,By Lots,TRUE,Ordered quantities
init.25fa8b99-f200-4e50-9407-630938a82288,Tube à EDTA,init.categ_products_drug_orders,product,init.c4b6c7b7-4906-4f76-af51-60ec9a34932e,init.c4b6c7b7-4906-4f76-af51-60ec9a34932e,TRUE,TRUE,By Lots,TRUE,Ordered quantities
init.4bb01a22-772b-4553-a0c7-21ba66331f17,Tampon d'ouate,init.categ_products_drug_orders,product,init.c4b6c7b7-4906-4f76-af51-60ec9a34932e,init.c4b6c7b7-4906-4f76-af51-60ec9a34932e,TRUE,TRUE,By Lots,TRUE,Ordered quantities
