Uuid,Fully specified name:en,Fully specified name:fr,Data class,Data type,Mappings|SAME-AS,Members
1267AAAAAAAAAAAAAAAAAAAAAAAAAAAAAAAA,Dispense completed,Dispensation terminée,Misc,N/A,CIEL:1267;HL7-MedicationDispenseStatus:completed,
167154AAAAAAAAAAAAAAAAAAAAAAAAAAAAAA,Dispense on hold,Dispensation en suspens,Misc,N/A,CIEL:167154;HL7-MedicationDispenseStatus:on-hold,
167156AAAAAAAAAAAAAAAAAAAAAAAAAAAAAA,Dispense declined,Dispensation refusée,Misc,N/A,CIEL:167156;HL7-MedicationDispenseStatus:declined,
737fa73a-509f-40d8-9e84-91dc71db7f4c,Order discontinued,Ordonnance arrêtée,Misc,N/A,CIEL:168085,
2458150f-93ed-4be1-a72c-fdafd3de30d2,Stale-dated order,Ordonnance périmée,Misc,N/A,CIEL:168086,
fcc1ef20-fb9c-4500-94dc-3b8144c48e81,Incomplete data,Données incomplètes,Misc,N/A,CIEL:168087,
1754AAAAAAAAAAAAAAAAAAAAAAAAAAAAAAAA,Medications unavailable,Médicaments non disponibles,Misc,N/A,CIEL:1754,
82d81221-50c3-4bdf-8003-1de20a1c1e78,Religious/ethical objection,Objection religieuse ou éthique,Misc,N/A,CIEL:168088,
44384e50-1939-429e-9afd-a34164cc0df6,Unable to provide necessary care,Impossible de fournir les soins nécessaires,Misc,N/A,CIEL:168089,
2bd94084-4210-4cdb-b499-6b0ff3814cbc,Try another treatment first,Essayer d'abord un autre traitement,Misc,N/A,CIEL:168090,
593fb0df-5b22-48e4-8a02-f1953a15ea93,Prescription/request requires clarification,L'ordonnance nécessite une clarification,Misc,N/A,CIEL:168091,
741c21bc-c293-4373-b41d-e976829c923e,Drug level too high to continue treatment,Niveau de médicament trop élevé pour continuer le traitement,Finding,N/A,CIEL:168092,
1896AAAAAAAAAAAAAAAAAAAAAAAAAAAAAAAA,Patient currently inpatient at facility,Patient actuellement hospitalisé dans l'établissement,Misc,N/A,CIEL:1896,
d7f478bc-88a5-4668-be75-a55b2d2488f1,Drug would interfere with upcoming laboratory testing,Le médicament interférerait avec un examen de laboratoire prévu,Misc,N/A,CIEL:168093,
1899AAAAAAAAAAAAAAAAAAAAAAAAAAAAAAAA,Patient currently unavailable,Patient actuellement non disponible,Misc,N/A,CIEL:1899,
e256d05e-6a15-4f33-874a-ee9761d497d4,Mother pregnant or currently breastfeeding,Mère enceinte ou allaitant actuellement,Finding,N/A,CIEL:168094,
7877b44d-f0d5-4749-adf7-05cce452f8b4,Allergy to the prescribed medication,Allergie au médicament prescrit,Finding,N/A,,
141748AAAAAAAAAAAAAAAAAAAAAAAAAAAAAA,Drug Interaction (Properly Prescribed and Administered),Interaction médicamenteuse (prescription et administration correctes),Diagnosis,N/A,CIEL:141748,
e15180d0-f5bf-4e72-8256-e97f11e5c274,Duplicate therapy,Traitement en double,Misc,N/A,CIEL:168095,
ad710bc3-0402-43f1-b9cf-416045568b13,Suspected intolerance to drug,Intolérance suspectée au médicament,Finding,N/A,CIEL:168096,
c5362f75-7d83-42e2-9962-0bd62059afa9,Surgery planned,Chirurgie prévue,Misc,N/A,CIEL:168097,
0214c818-14e2-48f7-9eec-008e39e770aa,Washout period,Période d'élimination du médicament,Misc,N/A,CIEL:168098,
2462a9d7-61fb-4bf5-9359-aedecb8d03cb,Medication dispense status reason,Motif du statut de dispensation,ConvSet,N/A,CIEL:168099,737fa73a-509f-40d8-9e84-91dc71db7f4c;2458150f-93ed-4be1-a72c-fdafd3de30d2;fcc1ef20-fb9c-4500-94dc-3b8144c48e81;1754AAAAAAAAAAAAAAAAAAAAAAAAAAAAAAAA;82d81221-50c3-4bdf-8003-1de20a1c1e78;44384e50-1939-429e-9afd-a34164cc0df6;2bd94084-4210-4cdb-b499-6b0ff3814cbc;593fb0df-5b22-48e4-8a02-f1953a15ea93;741c21bc-c293-4373-b41d-e976829c923e;1896AAAAAAAAAAAAAAAAAAAAAAAAAAAAAAAA;d7f478bc-88a5-4668-be75-a55b2d2488f1;1899AAAAAAAAAAAAAAAAAAAAAAAAAAAAAAAA;e256d05e-6a15-4f33-874a-ee9761d497d4;7877b44d-f0d5-4749-adf7-05cce452f8b4;141748AAAAAAAAAAAAAAAAAAAAAAAAAAAAAA;e15180d0-f5bf-4e72-8256-e97f11e5c274;ad710bc3-0402-43f1-b9cf-416045568b13;c5362f75-7d83-42e2-9962-0bd62059afa9;0214c818-14e2-48f7-9eec-008e39e770aa
163057AAAAAAAAAAAAAAAAAAAAAAAAAAAAAA,Continue previous treatment,Continuer le traitement précédent,Misc,N/A,CIEL:163057,
0d7259f0-7068-4961-b7d3-93244277e1a3,Formulary policy,Politique du formulaire thérapeutique,Misc,N/A,CIEL:167860,
ac56ce3f-f705-4c48-84bf-c8dd13690273,Regulatory requirement,Exigence réglementaire,Misc,N/A,CIEL:167861,
165183AAAAAAAAAAAAAAAAAAAAAAAAAAAAAA,Supplies not available,Produit non disponible,Misc,N/A,CIEL:165183,
2de6e1be-f2dd-4ba0-9516-8a611aa2af9b,Substitution reason,Motif de substitution,ConvSet,N/A,CIEL:167862,163057AAAAAAAAAAAAAAAAAAAAAAAAAAAAAA;0d7259f0-7068-4961-b7d3-93244277e1a3;ac56ce3f-f705-4c48-84bf-c8dd13690273;165183AAAAAAAAAAAAAAAAAAAAAAAAAAAAAA
4adb15c0-2815-41eb-bb32-762f8c7a1a20,No substitution,Aucune substitution,Misc,N/A,,
b15358d0-a27f-4edc-aa0b-fb54284b843c,Equivalent substitution,Substitution équivalente,Misc,N/A,CIEL:167851,
c801ee44-1c2e-4ae9-aa61-d9dc71e54521,Equivalent composition substitution,Substitution par une composition équivalente,Misc,N/A,CIEL:167852,
3904df05-b2ce-479c-94ac-ed053826bef8,Brand composition substitution,Substitution par une composition de marque,Misc,N/A,CIEL:167853,
96686c92-6fdd-42d5-8644-807a65ee4521,Generic composition substitution,Substitution par une composition générique,Misc,N/A,CIEL:167854,
d704ec45-2066-4447-a01d-6dedd513c0da,Therapeutic alternative substitution,Substitution par une alternative thérapeutique,Misc,N/A,CIEL:167855,
72ae60ab-a898-4321-9c8b-115d7088de91,Therapeutic brand substitution,Substitution thérapeutique par une marque,Misc,N/A,CIEL:167856,
62bf68cb-60e0-4091-b767-057dcafad85b,Therapeutic generic substitution,Substitution thérapeutique par un générique,Misc,N/A,CIEL:167857,
24f6f205-3127-4762-bacc-cbfc53a948b5,Formulary substitution,Substitution selon le formulaire thérapeutique,Misc,N/A,CIEL:167858,
b9c5bca0-d026-4245-a4d2-e4c0a8999082,Substitution type,Type de substitution,ConvSet,N/A,CIEL:167859,4adb15c0-2815-41eb-bb32-762f8c7a1a20;b15358d0-a27f-4edc-aa0b-fb54284b843c;c801ee44-1c2e-4ae9-aa61-d9dc71e54521;3904df05-b2ce-479c-94ac-ed053826bef8;96686c92-6fdd-42d5-8644-807a65ee4521;d704ec45-2066-4447-a01d-6dedd513c0da;72ae60ab-a898-4321-9c8b-115d7088de91;62bf68cb-60e0-4091-b767-057dcafad85b;24f6f205-3127-4762-bacc-cbfc53a948b5
