Uuid,Fully specified name:en,Fully specified name:fr,Data class,Data type
b624021d-2de8-466e-9899-63ee5867b3c9,Acupan,Acupan (Néfopam),Drug,N/A
0e5ba4d5-350c-4a01-ac30-2f244bc3ec59,Ambrosal,Ambrosal,Drug,N/A
cd252435-596a-4a58-9224-d81bfe302471,Anamol,Anamol,Drug,N/A
a25b3283-9b6f-443b-bf19-b206f3fca0a7,Antalgex,Antalgex,Drug,N/A
6d651ad8-dc39-4b5d-88f5-39b0d15fd8fc,Artesunate,Artésunate,Drug,N/A
ebb82324-4f5d-411d-99e7-9e4521e1df37,Atenolol,Aténolol,Drug,N/A
1e97264e-3e7c-4497-982a-608ed9f42759,Atropine,Atropine,Drug,N/A
4e931f33-19ec-432f-8a2d-e216bb27b75b,Aurocrome,Aurocrome,Drug,N/A
e296e417-8c50-4d76-abaa-a6ee04dba0f4,Beclo Asma,Beclo Asma,Drug,N/A
c4584ef1-9271-4e3e-b807-cef00b785704,Betastene,Betastène,Drug,N/A
ce0a7889-6c76-4178-9589-e06e461254bc,Biotyn,Biotyn,Drug,N/A
35ced1a7-0ff7-4ed4-90d3-ae07aebcab33,Bisacodyl,Bisacodyl,Drug,N/A
64bc7e21-d478-41a3-b234-ec53c6ef63dd,Bupivacaine,Bupivacaïne,Drug,N/A
13b2a456-494a-43f3-a68b-f2a3444b5c00,Chibrocadron,Chibrocadron,Drug,N/A
0268fd21-6b2e-4132-a511-63c304ae1b3e,Chlorhexidine,Chlorhexidine,Drug,N/A
18b55859-3f7f-40bc-8dc9-1bbd07823fb7,Ciptoxen-D,Ciptoxen-D,Drug,N/A
acef1d3e-b806-4d3a-a0a1-2139c13a499f,Clotrine B,Clotrine B,Drug,N/A
4d2b462b-41cf-49f5-b792-e2e6a3142ddb,Clotrine BG,Clotrine BG,Drug,N/A
8baaab7a-bdba-41b4-9cc5-7b466384dd7c,Clotrine,Clotrine,Drug,N/A
02e5da60-fee6-43eb-9936-ac0329412142,Colchicine,Colchicine,Drug,N/A
01501fc7-d52a-4462-96e0-a4e82482f7bf,Cold Cap,Cold Cap,Drug,N/A
bd678213-9726-4bf9-b2e9-f61acd3e5e65,Dettol,Dettol,Drug,N/A
d0112e0d-1bb2-4fd5-aedb-3a1388e4d727,Eau de Javel,Eau de Javel,Drug,N/A
ae1064e4-7e00-4f40-b52c-2145bc06e9d5,Ephedrine,Éphédrine,Drug,N/A
719314bd-28d6-468c-9ee1-51b8d1507b44,Femigeston,Femigeston,Drug,N/A
c34cbec5-0361-4ed6-b5d3-ff54b2f5821b,Fentanyl,Fentanyl,Drug,N/A
9b3340e1-cade-4bd0-861f-693362a5aaeb,Fluomet,Fluomet,Drug,N/A
aa64c2f6-3a2b-4d96-92a1-bf53f01b70f3,Funbact,Funbact,Drug,N/A
90a4dc5b-632e-446b-9180-54036ffacb6a,Gel Larmes,Gel Larmes,Drug,N/A
dcb16641-b924-4af0-a91b-db043ce510c7,Calcium Gluconate,Gluconate de Calcium,Drug,N/A
1a11a9a7-3298-4c48-81ce-c7338237c521,Gripe Water,Grippe Water,Drug,N/A
b7ae4f23-8d73-42a7-a427-dd6c06991a76,Griseofulvin,Griséofulvine,Drug,N/A
ea5ed933-d40d-467c-98c3-0f8906d498cd,Haemaccel,Haemacel,Drug,N/A
6039cac1-2980-4604-8b98-e6048a49f382,Histalyn,Histalyn,Drug,N/A
433258ba-ce16-4a91-b411-d9c21c560ece,Halothane,Halothane,Drug,N/A
35017554-36e9-4a06-905c-32708a982b6d,Indomethacin,Indométacine,Drug,N/A
6d981b1d-1bfa-4b55-b3de-68ee5105d5f2,Ketac,Ketac,Drug,N/A
3512c0f6-55ad-47ac-8493-1792f865519c,Ketamine,Kétamine,Drug,N/A
534224f6-99de-4ff2-aa00-c65a50cf3b3c,Ketolac,Ketolac,Drug,N/A
a1974191-a501-4cb7-ae73-81a6ca72cc43,Knac-75,Knac-75,Drug,N/A
1d592438-fabd-472b-8649-d6ec8137d68f,Lovir,Lovir,Drug,N/A
23c41943-585c-4cee-8693-6606f183ea6c,Mebendazole,Mébendazole,Drug,N/A
ef8be962-ef52-4bbd-9fde-48b6030de6d3,Metadex,Metadex,Drug,N/A
dcc44565-9dfe-43f5-b0c3-dafc2cc2b725,Metadrol,Metadrol,Drug,N/A
76c9cde1-9c09-4ffe-a5c2-e2bfe8cbbc31,Metoclopramide,Métoclopramide,Drug,N/A
3b40900c-8623-4041-b930-3d25b86e713d,Metrolex,Metrolex,Drug,N/A
1686cf15-47fc-4870-a35e-851b9e917f89,Metronidazole + Norfloxacin,Métronidazole + Norfloxacine,Drug,N/A
fc98a795-cc32-475e-8141-7ad086250661,Naloxone,Naloxone,Drug,N/A
c0ea2bfd-9ed0-4abe-871f-a6a856aaa756,Neostigmine,Néostigmine,Drug,N/A
8a1edbd5-727c-4831-9a1a-7c5d5eeb8596,Occumycine,Occumycine,Drug,N/A
6406053f-5ddf-4a3d-85c3-51b124633f54,Occurest,Occurest,Drug,N/A
e0abfc7f-9f94-44e2-ab79-384089b00cc3,Ondansetron,Ondansétron,Drug,N/A
7650327b-ad75-42a9-a124-6be4ed6f0e0d,Otofa,Otofa,Drug,N/A
832be0ad-f195-4ecd-b17a-64d1a70e73aa,Palutrine,Palutrine,Drug,N/A
64302086-67b5-400a-b533-7e3c29a945ad,Promethazine,Prométhazine,Drug,N/A
9b152c0a-2d12-4134-9c74-027af9f4c71f,Propofol,Propofol,Drug,N/A
373d8583-3745-4688-8e94-2ba53eb6c2fc,Sildenafil,Sildénafil,Drug,N/A
b5467a43-e4f9-4f64-ae72-e12d50e68054,Succinylcholine,Succinylcholine,Drug,N/A
0abed138-d9fd-470a-8a8c-261b346105e5,Magnesium Sulfate,Sulfate de Magnésium,Drug,N/A
9abc9e5e-3acf-4fb2-ac50-1a520afe21c0,Thermocure,Thermocure,Drug,N/A
778ac3d2-e4f3-44f7-98bd-13a4d18f8e28,Timosol,Timosol,Drug,N/A
8a8163f0-a0eb-4feb-bc66-6f7ef45345f4,Tob Dex,Tob Dex,Drug,N/A
57ec5886-5ca3-4cf6-b614-507272a6b1bf,Upacof,Upacof,Drug,N/A
76717d0c-d68c-4251-8aec-8a83c8afd98d,X-Sone,X-Sone,Drug,N/A
fb5bbd34-1c43-4d56-a857-afdb64d12b06,Oxygen,Oxygène,Drug,N/A
1ea8890a-f99b-4820-8f3d-ff0e16780155,Tongue Depressor,Abaisse-langue,Medical supply,N/A
53b27171-cf2d-4b8d-85c6-d423424d0365,Lumbar Puncture Needle,Aiguille à ponction lombaire,Medical supply,N/A
cc183e8c-8cc8-40e1-9064-e6537df901f3,Blood Collection Needle,Aiguille de prélèvement,Medical supply,N/A
0d2f8bf9-7fb0-4f2c-be99-5a8bc290d8b7,Cotton Wool,Coton hydrophile,Medical supply,N/A
6249a1fc-35bf-401d-a818-2b8cffd09d70,Nasogastric Tube,Sonde nasogastrique,Medical supply,N/A
fd22c698-8498-4a9d-806d-5c6c81b83da9,Suction Catheter,Sonde d'aspiration,Medical supply,N/A
fe7e9215-c2f1-4884-8d48-fddd91aa68fd,Envelope,Enveloppe,Medical supply,N/A
3ace559b-7787-4c44-9bf6-ab81a5a55f87,DVD,DVD,Medical supply,N/A
539ebb96-73e7-48a3-82fc-e8e4dbf64962,Urine Sample Container,Flacon à urines,Medical supply,N/A
912e6312-9ce1-4b04-9910-84afa3c13d47,Stool Sample Container,Flacon à selles,Medical supply,N/A
f9eb5c76-f56c-4dbd-922f-361a04121726,Plain Tube,Tube sec,Medical supply,N/A
4a07f78f-81b2-412e-a5aa-2518e43612a5,Endotracheal Tube,Tube d'intubation,Medical supply,N/A
866af2a7-bf56-4a5d-85ed-4836164a3917,EDTA Tube,Tube à EDTA,Medical supply,N/A
4d713ce0-419e-4635-bb58-3654eeb533f4,Vital Signs Check,Prise de paramètres vitaux,Procedure,N/A
ffd7ec6f-ebdd-4b7d-9ff5-59207457dc2b,Foreign Body Removal,Ablation du corps étranger,Procedure,N/A
a60958ec-1dda-4a5c-8ef6-c1648860168c,Immobilization,Immobilisation,Procedure,N/A
cacea2a4-12c7-4ae7-a7ad-76aa06ba0d70,Ear Syringing,Seringuage,Procedure,N/A
52f9af2d-0692-43cf-b0d7-5e2cb8657800,Nebulization,Nébulisation,Procedure,N/A
4c27367b-84d0-4594-9bae-e9f9b2549132,Orthopedic Reduction,Réduction orthopédique,Procedure,N/A
d29ffcc3-4530-43ca-ba21-620e605cddd8,Hospitalization Certificate,Attestation d'hospitalisation,Procedure,N/A
a8d698ff-f3d9-4fa8-9ea5-76f0e3be1c4a,Physical Fitness Certificate,Attestation d'aptitude physique,Procedure,N/A
02ad134d-cb71-4b91-9ddd-5f77f64d74aa,Caregiver Certificate,Attestation de garde-malade,Procedure,N/A
4c554b15-3072-467f-b270-0211e35b0cbb,Aspiration,Aspiration,Procedure,N/A
7c914c11-cd98-4fd5-bbe1-a74d902c3e35,Death Certificate,Certificat de décès,Procedure,N/A
036a3e47-1e28-448c-a928-a267fe04e42d,Lumbar Puncture,Ponction lombaire,Procedure,N/A
4913bd15-ea95-4109-bb1b-74f36ad197f7,Standard Bed,Lit simple,Procedure,N/A
56744335-40ae-4231-9bfa-01d9c68dd588,VIP Bed,Lit VIP,Procedure,N/A
00029888-c382-4d30-8c92-9105e9014cda,Medical Expertise,Expertise médicale,Procedure,N/A
67fce2a8-6d11-4355-b413-f109041ac4ae,Medical Rest Certificate,Repos médical,Procedure,N/A
97ab2203-63e4-42b9-bd36-5137fc68ef21,Nurse Visit,Visite infirmière,Procedure,N/A
eb2faf60-0143-48c7-8cee-3d0d6fec8b48,Medical Visit,Visite médicale,Procedure,N/A
89dbc90b-24bc-4c1c-b0a6-9adce52d29bd,Blood Transfusion,Transfusion sanguine,Procedure,N/A
47279985-44a6-40de-9f00-a113e333b91c,Lipomectomy,Lipomectomie,Procedure,N/A
f1d8a52b-c61b-41f5-82f7-ed5cea982932,Specimen Collection,Prélèvement,Procedure,N/A
e4b471d9-81d6-48c4-8b97-20fdeeeac280,C-Spine X-ray,Radiographie du rachis cervical,Procedure,N/A
0c6e5f9a-75cf-444c-9415-6c2ac870392c,T-Spine X-ray,Radiographie du rachis thoracique,Procedure,N/A
30cdefe7-775b-4302-b165-f2540fa207da,L-Spine X-ray,Radiographie du rachis lombaire,Procedure,N/A
bc52d033-8df5-466b-abf9-e0679b42c043,Sacrum X-ray,Radiographie du sacrum,Procedure,N/A
1bd135e8-d15c-45b4-9bc2-a232f5358912,Coccyx X-ray,Radiographie du coccyx,Procedure,N/A
1407617f-d79a-43a5-868b-7dedcd2c560f,Neck X-ray,Radiographie du cou,Procedure,N/A
ba2a2d62-8220-45a7-9302-9092c48a363d,Skull X-ray,Radiographie du crâne,Procedure,N/A
e309ea51-86cd-4a83-883b-d5f8654e6627,Shoulder X-ray,Radiographie de l'épaule,Procedure,N/A
e6d7bca3-cb2f-4926-bfbc-f89e90d573cd,Humerus X-ray,Radiographie de l'humérus,Procedure,N/A
bb1b2daf-584c-4bb6-8de2-aa678c7231fa,Elbow X-ray,Radiographie du coude,Procedure,N/A
dac7eb20-d3af-4097-a399-2b1a9f3e0ae4,Forearm X-ray,Radiographie de l'avant-bras,Procedure,N/A
bdd5be47-fc95-4ae3-9319-a8283eeead6a,Wrist X-ray,Radiographie du poignet,Procedure,N/A
c82d4492-308d-455d-9bf9-360c3a086743,Hand X-ray,Radiographie de la main,Procedure,N/A
c95e8fa1-b395-4042-9513-d8f33fb81a05,Finger X-ray,Radiographie du doigt,Procedure,N/A
3765eebc-1324-4555-99c8-2b9324d5a185,Pelvis X-ray,Radiographie du bassin,Procedure,N/A
41d7e98f-d485-4d27-81fc-70d44e9d6e1d,Femur X-ray,Radiographie du fémur,Procedure,N/A
1cb9c9f6-d3ad-42db-b38e-9cefa0b258fe,Knee X-ray,Radiographie du genou,Procedure,N/A
245e29a4-82de-4662-b176-92c768e49118,Leg X-ray,Radiographie de la jambe,Procedure,N/A
addae1d8-baa2-459c-b869-e98f0303a688,Ankle X-ray,Radiographie de la cheville,Procedure,N/A
740f0b00-3c24-4c86-b95b-b5c6a7208625,Foot X-ray,Radiographie du pied,Procedure,N/A
97589f4b-8bf9-4342-b24f-605d359ce932,Toe X-ray,Radiographie de l'orteil,Procedure,N/A
c9f0148b-362a-4b11-9bc3-8c3428a9bbb4,Calcaneus X-ray,Radiographie du calcanéum,Procedure,N/A
