Concept,Member,Member Type
46c8be89-db86-4476-9609-58d184f452c3,4d713ce0-419e-4635-bb58-3654eeb533f4,CONCEPT-SET
46c8be89-db86-4476-9609-58d184f452c3,ffd7ec6f-ebdd-4b7d-9ff5-59207457dc2b,CONCEPT-SET
46c8be89-db86-4476-9609-58d184f452c3,a60958ec-1dda-4a5c-8ef6-c1648860168c,CONCEPT-SET
46c8be89-db86-4476-9609-58d184f452c3,cacea2a4-12c7-4ae7-a7ad-76aa06ba0d70,CONCEPT-SET
46c8be89-db86-4476-9609-58d184f452c3,52f9af2d-0692-43cf-b0d7-5e2cb8657800,CONCEPT-SET
46c8be89-db86-4476-9609-58d184f452c3,4c27367b-84d0-4594-9bae-e9f9b2549132,CONCEPT-SET
46c8be89-db86-4476-9609-58d184f452c3,d29ffcc3-4530-43ca-ba21-620e605cddd8,CONCEPT-SET
46c8be89-db86-4476-9609-58d184f452c3,a8d698ff-f3d9-4fa8-9ea5-76f0e3be1c4a,CONCEPT-SET
46c8be89-db86-4476-9609-58d184f452c3,02ad134d-cb71-4b91-9ddd-5f77f64d74aa,CONCEPT-SET
46c8be89-db86-4476-9609-58d184f452c3,4c554b15-3072-467f-b270-0211e35b0cbb,CONCEPT-SET
46c8be89-db86-4476-9609-58d184f452c3,7c914c11-cd98-4fd5-bbe1-a74d902c3e35,CONCEPT-SET
46c8be89-db86-4476-9609-58d184f452c3,036a3e47-1e28-448c-a928-a267fe04e42d,CONCEPT-SET
46c8be89-db86-4476-9609-58d184f452c3,4913bd15-ea95-4109-bb1b-74f36ad197f7,CONCEPT-SET
46c8be89-db86-4476-9609-58d184f452c3,56744335-40ae-4231-9bfa-01d9c68dd588,CONCEPT-SET
46c8be89-db86-4476-9609-58d184f452c3,00029888-c382-4d30-8c92-9105e9014cda,CONCEPT-SET
46c8be89-db86-4476-9609-58d184f452c3,67fce2a8-6d11-4355-b413-f109041ac4ae,CONCEPT-SET
46c8be89-db86-4476-9609-58d184f452c3,97ab2203-63e4-42b9-bd36-5137fc68ef21,CONCEPT-SET
46c8be89-db86-4476-9609-58d184f452c3,eb2faf60-0143-48c7-8cee-3d0d6fec8b48,CONCEPT-SET
46c8be89-db86-4476-9609-58d184f452c3,89dbc90b-24bc-4c1c-b0a6-9adce52d29bd,CONCEPT-SET
46c8be89-db86-4476-9609-58d184f452c3,47279985-44a6-40de-9f00-a113e333b91c,CONCEPT-SET
46c8be89-db86-4476-9609-58d184f452c3,f1d8a52b-c61b-41f5-82f7-ed5cea982932,CONCEPT-SET
46c8be89-db86-4476-9609-58d184f452c3,e4b471d9-81d6-48c4-8b97-20fdeeeac280,CONCEPT-SET
46c8be89-db86-4476-9609-58d184f452c3,0c6e5f9a-75cf-444c-9415-6c2ac870392c,CONCEPT-SET
46c8be89-db86-4476-9609-58d184f452c3,30cdefe7-775b-4302-b165-f2540fa207da,CONCEPT-SET
46c8be89-db86-4476-9609-58d184f452c3,bc52d033-8df5-466b-abf9-e0679b42c043,CONCEPT-SET
46c8be89-db86-4476-9609-58d184f452c3,1bd135e8-d15c-45b4-9bc2-a232f5358912,CONCEPT-SET
46c8be89-db86-4476-9609-58d184f452c3,1407617f-d79a-43a5-868b-7dedcd2c560f,CONCEPT-SET
46c8be89-db86-4476-9609-58d184f452c3,ba2a2d62-8220-45a7-9302-9092c48a363d,CONCEPT-SET
46c8be89-db86-4476-9609-58d184f452c3,e309ea51-86cd-4a83-883b-d5f8654e6627,CONCEPT-SET
46c8be89-db86-4476-9609-58d184f452c3,e6d7bca3-cb2f-4926-bfbc-f89e90d573cd,CONCEPT-SET
46c8be89-db86-4476-9609-58d184f452c3,bb1b2daf-584c-4bb6-8de2-aa678c7231fa,CONCEPT-SET
46c8be89-db86-4476-9609-58d184f452c3,dac7eb20-d3af-4097-a399-2b1a9f3e0ae4,CONCEPT-SET
46c8be89-db86-4476-9609-58d184f452c3,bdd5be47-fc95-4ae3-9319-a8283eeead6a,CONCEPT-SET
46c8be89-db86-4476-9609-58d184f452c3,c82d4492-308d-455d-9bf9-360c3a086743,CONCEPT-SET
46c8be89-db86-4476-9609-58d184f452c3,c95e8fa1-b395-4042-9513-d8f33fb81a05,CONCEPT-SET
46c8be89-db86-4476-9609-58d184f452c3,3765eebc-1324-4555-99c8-2b9324d5a185,CONCEPT-SET
46c8be89-db86-4476-9609-58d184f452c3,41d7e98f-d485-4d27-81fc-70d44e9d6e1d,CONCEPT-SET
46c8be89-db86-4476-9609-58d184f452c3,1cb9c9f6-d3ad-42db-b38e-9cefa0b258fe,CONCEPT-SET
46c8be89-db86-4476-9609-58d184f452c3,245e29a4-82de-4662-b176-92c768e49118,CONCEPT-SET
46c8be89-db86-4476-9609-58d184f452c3,addae1d8-baa2-459c-b869-e98f0303a688,CONCEPT-SET
46c8be89-db86-4476-9609-58d184f452c3,740f0b00-3c24-4c86-b95b-b5c6a7208625,CONCEPT-SET
46c8be89-db86-4476-9609-58d184f452c3,97589f4b-8bf9-4342-b24f-605d359ce932,CONCEPT-SET
46c8be89-db86-4476-9609-58d184f452c3,c9f0148b-362a-4b11-9bc3-8c3428a9bbb4,CONCEPT-SET
