Uuid,Concept Drug,Concept Dosage Form,Strength,Name,Name:fr
b4c1e2f0-d7ca-48a1-ac23-df85d30344be,b624021d-2de8-466e-9899-63ee5867b3c9,d81e10fe-0f6a-4b75-b9c0-a5e72d56f3b2,20mg,Acupan Injection 20mg,Acupan Injection 20mg
ad76c82c-7f96-4dbc-905a-163a75aa0be8,0e5ba4d5-350c-4a01-ac30-2f244bc3ec59,bf712910-1c7f-4e72-9d50-6eb5453efcfd,,Ambrosal Syrup,Ambrosal Sirop
66e2e474-83d0-47d4-9bad-e3f7edbc84d3,cd252435-596a-4a58-9224-d81bfe302471,391d2a1b-2aec-4bd7-b43b-e294e7f2b9b9,,Anamol Tablet,Anamol Comprimé
e33c1482-84d4-4ce6-ac44-7944bda93fcb,cd252435-596a-4a58-9224-d81bfe302471,bf712910-1c7f-4e72-9d50-6eb5453efcfd,,Anamol Syrup,Anamol Sirop
65b267cb-b6cc-4d8b-8932-ae92c4d8f678,a25b3283-9b6f-443b-bf19-b206f3fca0a7,391d2a1b-2aec-4bd7-b43b-e294e7f2b9b9,,Antalgex Tablet,Antalgex Comprimé
1fb262b7-ae9e-45a8-8200-282239d52eee,6d651ad8-dc39-4b5d-88f5-39b0d15fd8fc,d81e10fe-0f6a-4b75-b9c0-a5e72d56f3b2,,Artesunate Injection,Artésunate Injection
65d1e9c2-7424-4df3-bd64-211143d0f1c3,fd333668-1ddb-4b1c-a41e-c725f15e37f2,391d2a1b-2aec-4bd7-b43b-e294e7f2b9b9,,Artemether-Lumefantrine Tablet Pack of 24,Artéméther-Luméfantrine Comprimé Boîte de 24
1cca586a-cf7d-4076-a9c1-d18b80914e92,fd333668-1ddb-4b1c-a41e-c725f15e37f2,391d2a1b-2aec-4bd7-b43b-e294e7f2b9b9,,Artemether-Lumefantrine Tablet Pack of 12,Artéméther-Luméfantrine Comprimé Boîte de 12
d337d23d-a300-4f1a-b151-34c3b7f0d740,fd333668-1ddb-4b1c-a41e-c725f15e37f2,391d2a1b-2aec-4bd7-b43b-e294e7f2b9b9,,Artemether-Lumefantrine Tablet Pack of 18,Artéméther-Luméfantrine Comprimé Boîte de 18
d568c612-69ee-4e7f-b49c-f810cc0a43cd,fd333668-1ddb-4b1c-a41e-c725f15e37f2,391d2a1b-2aec-4bd7-b43b-e294e7f2b9b9,,Artemether-Lumefantrine Tablet Pack of 6,Artéméther-Luméfantrine Comprimé Boîte de 6
999343b4-e534-4618-8ca9-749237231906,ebb82324-4f5d-411d-99e7-9e4521e1df37,391d2a1b-2aec-4bd7-b43b-e294e7f2b9b9,100mg,Atenolol 100mg Tablet,Aténolol Comprimé 100mg
08a8b7d6-a547-4fdc-829d-5102b17fbe13,ebb82324-4f5d-411d-99e7-9e4521e1df37,391d2a1b-2aec-4bd7-b43b-e294e7f2b9b9,50mg,Atenolol 50mg Tablet,Aténolol Comprimé 50mg
8b2f8b7c-0015-400b-aa9e-82ffd91cf518,1e97264e-3e7c-4497-982a-608ed9f42759,d81e10fe-0f6a-4b75-b9c0-a5e72d56f3b2,,Atropine Injection,Atropine Injection
f9adb25d-d3b0-4729-8f8c-1d59e46d7c2a,4e931f33-19ec-432f-8a2d-e216bb27b75b,11ae7979-7bb6-49c7-9715-9adacc1b4005,,Aurocrome Eye Drops,Aurocrome Collyre
a4f28d5c-69fb-4a86-8f5c-6df7ad5f382c,e296e417-8c50-4d76-abaa-a6ee04dba0f4,2befd840-e135-4fc9-bb9d-acdcce088f19,,Beclo Asma Spray,Beclo Asma Spray
8d52b68f-c7ad-40bc-b6aa-e6b31c7e6f8f,c4584ef1-9271-4e3e-b807-cef00b785704,bf712910-1c7f-4e72-9d50-6eb5453efcfd,,Betastene Solution,Betastène Flacon
d9845548-478b-4bee-ac4c-3613f5e770b7,ce0a7889-6c76-4178-9589-e06e461254bc,11ae7979-7bb6-49c7-9715-9adacc1b4005,,Biotyn Eye Drops,Biotyn Collyre
2d6e1e33-dc05-4dc8-8a60-7beb344a97cd,35ced1a7-0ff7-4ed4-90d3-ae07aebcab33,391d2a1b-2aec-4bd7-b43b-e294e7f2b9b9,5mg,Bisacodyl 5mg Tablet,Bisacodyl Comprimé 5mg
28bc265a-f73b-4a3f-983c-4f51967446bc,64bc7e21-d478-41a3-b234-ec53c6ef63dd,d81e10fe-0f6a-4b75-b9c0-a5e72d56f3b2,20mg/4ml,Bupivacaine Hyperbaric Injection 20mg/4ml,Bupivacaïne Hyperbare Injection 20mg/4ml
8b97d618-af96-46a9-aa37-24f599cebcf4,afc99408-b4fc-44f0-8b0b-8a2068c246f9,391d2a1b-2aec-4bd7-b43b-e294e7f2b9b9,300mg,Calcium 300mg Tablet,Calcium Comprimé 300mg
503f389c-adb2-45e6-ac1f-c4722e209380,313a1423-8f0c-4a46-8d7b-4954d14ff87b,391d2a1b-2aec-4bd7-b43b-e294e7f2b9b9,400mg,Cefixime 400mg Tablet,Cefixime Comprimé 400mg
6448b20c-b21a-4d78-92f5-8f99c3c07af6,313a1423-8f0c-4a46-8d7b-4954d14ff87b,bf712910-1c7f-4e72-9d50-6eb5453efcfd,200mg,Cefixime Suspension 200mg,Cefixime Suspension 200mg
d2ebc592-3ebe-4a44-b374-32c82745069e,13b2a456-494a-43f3-a68b-f2a3444b5c00,11ae7979-7bb6-49c7-9715-9adacc1b4005,,Chibrocadron Eye Drops,Chibrocadron Collyre
6991af07-a557-4326-acea-dfab522b4122,7b2e38e3-2240-42e6-976f-38c9350aff3f,94b2f0e7-0885-430f-8733-e2a93f03095d,250mg,Chloramphenicol 250mg Capsule,Chloramphénicol Gélule 250mg
d6d47995-7dcd-405c-980a-0a7b912095b4,0268fd21-6b2e-4132-a511-63c304ae1b3e,bf712910-1c7f-4e72-9d50-6eb5453efcfd,1%,Chlorhexidine 1% Solution 300ml,Chlorhexidine 1% Flacon 300ml
ced4e98f-6415-400a-a24e-01e0338c5361,18b55859-3f7f-40bc-8dc9-1bbd07823fb7,11ae7979-7bb6-49c7-9715-9adacc1b4005,0.3%,Ciptoxen-D Eye Drops 0.3%,Ciptoxen-D Collyre 0.3%
86ee5756-be99-4cf1-bd07-64ae58072376,6a175503-c1a3-4147-9b14-753905b11701,bbe6f178-8adf-401c-89e4-ca8e0ccc378a,,Clotrimazole Ovule,Clotrimazole Ovule
18f38708-0f59-442a-b545-4a767e901534,acef1d3e-b806-4d3a-a0a1-2139c13a499f,72262ed3-d3e2-4c94-b4d6-567934107481,,Clotrine B Cream,Clotrine B Crème
fe72403a-4b29-4673-babd-23b7e464e9b1,4d2b462b-41cf-49f5-b792-e2e6a3142ddb,72262ed3-d3e2-4c94-b4d6-567934107481,,Clotrine BG Cream,Clotrine BG Crème
baa197ef-bbdd-4c73-844a-9b2282d19722,8baaab7a-bdba-41b4-9cc5-7b466384dd7c,72262ed3-d3e2-4c94-b4d6-567934107481,,Clotrine Cream,Clotrine Crème
93c9b10e-bcf8-458b-934a-a6ca52b406c9,02e5da60-fee6-43eb-9936-ac0329412142,391d2a1b-2aec-4bd7-b43b-e294e7f2b9b9,,Colchicine Tablet,Colchicine Comprimé
117f5875-d314-400d-bf53-c209ed67665b,01501fc7-d52a-4462-96e0-a4e82482f7bf,bf712910-1c7f-4e72-9d50-6eb5453efcfd,,Cold Cap Syrup,Cold Cap Sirop
63635c7e-dd5b-4374-8eec-17b68cc4297a,8d19b7a8-a348-4517-b32e-52593160fa54,bf712910-1c7f-4e72-9d50-6eb5453efcfd,,Dermobacter Solution 125ml,Dermobacter Flacon 125ml
aba85f83-6de3-41f0-a090-3ffd43cab6d3,bd678213-9726-4bf9-b2e9-f61acd3e5e65,bf712910-1c7f-4e72-9d50-6eb5453efcfd,,Dettol Solution 1L,Dettol Solution 1L
3a771f35-d1d8-440c-b669-acacab0d80b6,68c5002a-30f7-4c2a-8f7a-562cde96850b,d81e10fe-0f6a-4b75-b9c0-a5e72d56f3b2,,Dicytam Injection,Dicytam Injection
7f5ac2b5-ae07-4c71-a593-0572457b69d6,d0112e0d-1bb2-4fd5-aedb-3a1388e4d727,bf712910-1c7f-4e72-9d50-6eb5453efcfd,,Eau de Javel Solution,Eau de Javel Flacon
d02dc08f-e58c-4746-9c33-e68cbb54ad1b,ae1064e4-7e00-4f40-b52c-2145bc06e9d5,d81e10fe-0f6a-4b75-b9c0-a5e72d56f3b2,30mg,Ephedrine Injection 30mg,Éphédrine Injection 30mg
b6feb15b-fa78-4081-84a3-41a88f6da77a,719314bd-28d6-468c-9ee1-51b8d1507b44,391d2a1b-2aec-4bd7-b43b-e294e7f2b9b9,100mg,Femigeston 100mg Tablet,Femigeston Comprimé 100mg
467e3a06-d69c-4e99-b4fa-47bde075dcc0,c34cbec5-0361-4ed6-b5d3-ff54b2f5821b,d81e10fe-0f6a-4b75-b9c0-a5e72d56f3b2,0.5mg/10ml,Fentanyl Injection 0.5mg/10ml,Fentanyl Injection 0.5mg/10ml
fa4d9028-0c55-4617-8816-34c2162a4a65,9b3340e1-cade-4bd0-861f-693362a5aaeb,11ae7979-7bb6-49c7-9715-9adacc1b4005,,Fluomet Eye Drops,Fluomet Collyre
fabb2ba4-2aeb-4d8c-817f-471187b35d59,433258ba-ce16-4a91-b411-d9c21c560ece,bf712910-1c7f-4e72-9d50-6eb5453efcfd,,Fluothane Solution,Fluothane Flacon
6d2e2e3e-80e0-4381-9989-35430b318df4,aa64c2f6-3a2b-4d96-92a1-bf53f01b70f3,72262ed3-d3e2-4c94-b4d6-567934107481,,Funbact Cream,Funbact Crème
200cf098-d019-47f1-865f-7ec9099d49be,90a4dc5b-632e-446b-9180-54036ffacb6a,11ae7979-7bb6-49c7-9715-9adacc1b4005,,Gel Larmes Eye Drops,Gel Larmes Collyre
90c3a1be-2bd0-4e56-93d1-06d99b1caebe,dcb16641-b924-4af0-a91b-db043ce510c7,d81e10fe-0f6a-4b75-b9c0-a5e72d56f3b2,,Calcium Gluconate Injection,Gluconate de Calcium Injection
7c3c04ae-668f-4526-89a9-a435bbcb71b8,1a11a9a7-3298-4c48-81ce-c7338237c521,bf712910-1c7f-4e72-9d50-6eb5453efcfd,,Gripe Water Syrup,Grippe Water Flacon
5c6775e6-1a75-47ff-9da4-a9ff718ae3f0,b7ae4f23-8d73-42a7-a427-dd6c06991a76,391d2a1b-2aec-4bd7-b43b-e294e7f2b9b9,500mg,Griseofulvin 500mg Tablet,Griséofulvine Comprimé 500mg
edb36207-2e2c-4e56-b8f4-199b130445c8,ea5ed933-d40d-467c-98c3-0f8906d498cd,bf712910-1c7f-4e72-9d50-6eb5453efcfd,,Haemaccel Solution 500ml,Haemacel Solution 500ml
21da225a-7dd3-4dd8-aa79-ee99b033c4ef,6039cac1-2980-4604-8b98-e6048a49f382,c4b6c7b7-4906-4f76-af51-60ec9a34932e,,Histalyn,Histalyn
3cc8ca86-64b1-4b39-bbd2-0a64197d70ce,3ea35456-3f32-4588-aea3-d2b22d1b1f7b,d81e10fe-0f6a-4b75-b9c0-a5e72d56f3b2,20mg,Hyoscine Injection 20mg,Hyoscine (Buscopan) Injection 20mg
c1465fc9-88a4-43bd-abc9-04124e1525e6,35017554-36e9-4a06-905c-32708a982b6d,94b2f0e7-0885-430f-8733-e2a93f03095d,25mg,Indomethacin 25mg Capsule,Indométacine Gélule 25mg
7dfe0e76-dc6b-40ff-86ff-9302d9d64a59,f1ed3b71-d459-4997-87e0-9d4aa0d4afcd,bf712910-1c7f-4e72-9d50-6eb5453efcfd,,Insulin Rapid 10ml,Insuline Rapide Flacon 10ml
c933087b-291a-4011-8681-f93d1e04325f,f1ed3b71-d459-4997-87e0-9d4aa0d4afcd,bf712910-1c7f-4e72-9d50-6eb5453efcfd,,Insulin Semi-Lente 10ml,Insuline Semi-Lente Flacon 10ml
ec4b3fff-3f65-4b9c-9440-ce99f4b60eaa,6d981b1d-1bfa-4b55-b3de-68ee5105d5f2,11ae7979-7bb6-49c7-9715-9adacc1b4005,0.5%,Ketac Eye Drops 0.5%,Ketac Collyre 0.5%
c045fba5-5f0f-4fe6-8c5a-3427e867748f,3512c0f6-55ad-47ac-8493-1792f865519c,d81e10fe-0f6a-4b75-b9c0-a5e72d56f3b2,250mg/2ml,Ketamine Injection 250mg/2ml,Kétamine Injection 250mg/2ml
0539c860-2b7d-4479-aae9-b4442e69c4a5,534224f6-99de-4ff2-aa00-c65a50cf3b3c,11ae7979-7bb6-49c7-9715-9adacc1b4005,,Ketolac Eye Drops,Ketolac Collyre
7c53c3c8-3922-494c-ba25-6527036a44d3,a1974191-a501-4cb7-ae73-81a6ca72cc43,391d2a1b-2aec-4bd7-b43b-e294e7f2b9b9,,Knac-75 Tablet,Knac-75 Comprimé
a265ea14-249b-49de-9f2a-109c132be1e0,1d592438-fabd-472b-8649-d6ec8137d68f,72262ed3-d3e2-4c94-b4d6-567934107481,,Lovir Ointment,Lovir Pommade
583a431d-98eb-455f-8e3e-9fb898a5d2be,23c41943-585c-4cee-8693-6606f183ea6c,391d2a1b-2aec-4bd7-b43b-e294e7f2b9b9,100mg,Mebendazole 100mg Tablet,Mébendazole Comprimé 100mg
6e4eab20-6ce8-4d37-8872-a4ff5280528d,23c41943-585c-4cee-8693-6606f183ea6c,bf712910-1c7f-4e72-9d50-6eb5453efcfd,,Mebendazole Suspension 60ml,Mébendazole Suspension Flacon 60ml
217cbdf8-1cf3-4ecb-826a-cd018162d2ed,ef8be962-ef52-4bbd-9fde-48b6030de6d3,11ae7979-7bb6-49c7-9715-9adacc1b4005,0.5%,Metadex Eye Drops 0.5%,Metadex Collyre 0.5%
1dc2913c-616f-4376-acbd-693a22608331,dcc44565-9dfe-43f5-b0c3-dafc2cc2b725,72262ed3-d3e2-4c94-b4d6-567934107481,,Metadrol Ointment,Metadrol Pommade
07ddeb9c-1029-4ee0-a5ca-08d7db2e409b,76c9cde1-9c09-4ffe-a5c2-e2bfe8cbbc31,391d2a1b-2aec-4bd7-b43b-e294e7f2b9b9,10mg,Metoclopramide 10mg Tablet,Métoclopramide Comprimé 10mg
e9fbedf1-95fb-4b32-bf51-389b35c6c6ee,76c9cde1-9c09-4ffe-a5c2-e2bfe8cbbc31,d81e10fe-0f6a-4b75-b9c0-a5e72d56f3b2,10mg,Metoclopramide Injection 10mg,Métoclopramide (Primpéran) Injection 10mg
bd3c56b5-85b3-4e33-9b37-b9618486c2c2,3b40900c-8623-4041-b930-3d25b86e713d,bf712910-1c7f-4e72-9d50-6eb5453efcfd,,Metrolex/Spinorgy Suspension,Metrolex/Spinorgy Suspension
9737a51c-6b51-43fb-bf8d-5d4960a189e9,1686cf15-47fc-4870-a35e-851b9e917f89,bf712910-1c7f-4e72-9d50-6eb5453efcfd,,Metronidazole + Norfloxacin Suspension,Métronidazole et Norfloxacine Flacon
86974a5d-5c7f-44ef-b72a-cb78ff943894,597b12e9-d3d5-481a-a7b4-1b00b2342f8c,d81e10fe-0f6a-4b75-b9c0-a5e72d56f3b2,,Morphine Injection,Morphine Injection
96bd46b0-daaa-49f5-bca3-0a9d44d1c8cd,fc98a795-cc32-475e-8141-7ad086250661,d81e10fe-0f6a-4b75-b9c0-a5e72d56f3b2,,Naloxone Injection,Naloxone Injection
9fcb495c-647e-4db0-94c0-934ca0774409,c0ea2bfd-9ed0-4abe-871f-a6a856aaa756,d81e10fe-0f6a-4b75-b9c0-a5e72d56f3b2,0.5mg/ml,Neostigmine Injection 0.5mg/ml,Néostigmine Injection 0.5mg/ml
3de37fd0-6ab0-4a25-90ff-73a022cc1f16,d315de65-e732-4bd4-87ed-d95ace187717,391d2a1b-2aec-4bd7-b43b-e294e7f2b9b9,100mg,Neurontin 100mg Tablet,Neurontin Comprimé 100mg
f0fffe3a-ab4f-46b5-a15c-017039650428,8a1edbd5-727c-4831-9a1a-7c5d5eeb8596,72262ed3-d3e2-4c94-b4d6-567934107481,,Occumycine Ointment,Occumycine Pommade
6128a466-15d5-402a-93d2-2c5c5431417c,6406053f-5ddf-4a3d-85c3-51b124633f54,11ae7979-7bb6-49c7-9715-9adacc1b4005,,Occurest Eye Drops,Occurest Collyre
a7e126cb-6045-4b3a-96cb-e46bc8d6c05c,6f7ed1c8-64d5-4269-a296-95732bd68796,bf712910-1c7f-4e72-9d50-6eb5453efcfd,,Omeprazole Injection,Oméprazole Injection
c6b19c1e-de9e-4a10-a5ad-2918d5e98bf9,e0abfc7f-9f94-44e2-ab79-384089b00cc3,d81e10fe-0f6a-4b75-b9c0-a5e72d56f3b2,,Ondastron Injection,Ondastron Injection
5d66b9b2-7262-4699-a2ca-8492dc43fd66,7650327b-ad75-42a9-a124-6be4ed6f0e0d,11ae7979-7bb6-49c7-9715-9adacc1b4005,,Otofa Ear Drops,Otofa Gouttes Auriculaires
9ae8c5ed-be90-4d26-88cf-f83d57500efa,832be0ad-f195-4ecd-b17a-64d1a70e73aa,391d2a1b-2aec-4bd7-b43b-e294e7f2b9b9,480mg,Palutrine 480mg Tablet,Palutrine Comprimé 480mg
9a139f8a-db0e-4e5f-b8bb-b73b1e769172,56e731f4-cb0f-4e9a-b2ad-d8d77dbcaee7,bf712910-1c7f-4e72-9d50-6eb5453efcfd,1000000IU,Penicillin V Suspension 1MIU,Pénicilline V (Phénoxyméthylpénicilline) Flacon 1MUI
a486aafd-0805-49a7-82ec-16e77522309d,4de91e2b-fb5d-4ac4-b20d-8b19d5520c88,11ae7979-7bb6-49c7-9715-9adacc1b4005,,Auropred Eye Drops,Auropred (Prednisolone) Collyre
9c1c512a-b0d0-4abe-ba39-24488425059f,64302086-67b5-400a-b533-7e3c29a945ad,391d2a1b-2aec-4bd7-b43b-e294e7f2b9b9,,Promethazine Tablet,Prométhazine Comprimé
3133e06b-3e0d-463c-a27c-3f2d14d20ccf,9b152c0a-2d12-4134-9c74-027af9f4c71f,d81e10fe-0f6a-4b75-b9c0-a5e72d56f3b2,,Propofol Injection,Propofol Injection
6b8ce408-4909-4edc-87f0-6a856f4f7294,7b2e38e3-2240-42e6-976f-38c9350aff3f,11ae7979-7bb6-49c7-9715-9adacc1b4005,,Rogophen Eye Drops,Rogophen (CAF) Collyre
75426536-50fb-4f71-81c6-06f2277a406c,26af305d-84bf-41fa-8c3b-99aa31987115,d81e10fe-0f6a-4b75-b9c0-a5e72d56f3b2,,Salbutamol Nebuliser Solution,Salbutamol Solution pour Nébulisation
b77b2146-1173-4c1c-b788-e3303a6f0c54,373d8583-3745-4688-8e94-2ba53eb6c2fc,391d2a1b-2aec-4bd7-b43b-e294e7f2b9b9,,Sildenafil Tablet,Sildénafil Comprimé
db5bf717-f20a-467b-828c-8ed36984c8d5,5dbfa2d3-dde0-4721-a1d9-38062ed8b201,bf712910-1c7f-4e72-9d50-6eb5453efcfd,0.9%,Sodium Chloride 0.9% Solution 500ml,Soluté NaCl 0.9% 500ml
b931f08b-94e8-425a-878c-d651b29d7720,5ccbde50-9b01-4c40-9e50-1e0c8e4ee841,391d2a1b-2aec-4bd7-b43b-e294e7f2b9b9,80mg,Spasnol 80mg Tablet,Spasnol Comprimé 80mg
31b26b90-e8fe-47af-9771-86805f270fd7,7da771c3-4411-4bd6-8754-8d64e72e9106,c4b6c7b7-4906-4f76-af51-60ec9a34932e,,Oral Rehydration Salts Sachet,Solution de Réhydratation Orale Sachet
dde7cb81-78c6-4918-b307-a5902c2a2a74,b5467a43-e4f9-4f64-ae72-e12d50e68054,d81e10fe-0f6a-4b75-b9c0-a5e72d56f3b2,,Succinylcholine Injection,Succinylcholine Injection
ce121aea-7dbe-4979-ac7d-07f1cb925b9f,0abed138-d9fd-470a-8a8c-261b346105e5,d81e10fe-0f6a-4b75-b9c0-a5e72d56f3b2,,Magnesium Sulfate Injection,Sulfate de Magnésium Injection
b2306702-3f47-4910-885b-9c236dbc64b8,9abc9e5e-3acf-4fb2-ac50-1a520afe21c0,72262ed3-d3e2-4c94-b4d6-567934107481,,Thermocure Cream,Thermocure Crème
55d1010c-485b-41eb-95c4-247259227038,778ac3d2-e4f3-44f7-98bd-13a4d18f8e28,11ae7979-7bb6-49c7-9715-9adacc1b4005,,Timosol Eye Drops,Timosol Collyre
69f57aba-a1c3-4405-89b9-6425f94096fd,8a8163f0-a0eb-4feb-bc66-6f7ef45345f4,11ae7979-7bb6-49c7-9715-9adacc1b4005,,Tob Dex Eye Drops,Tob Dex Collyre
634cc60c-29e1-45cc-b7a4-025682996acf,57ec5886-5ca3-4cf6-b614-507272a6b1bf,bf712910-1c7f-4e72-9d50-6eb5453efcfd,,Upacof Expectorant Syrup,Upacof Expectorant Flacon
e3661b89-123d-4946-96ea-791dc5b281cf,57ec5886-5ca3-4cf6-b614-507272a6b1bf,bf712910-1c7f-4e72-9d50-6eb5453efcfd,,Upacof Pediatric Syrup,Upacof Pédiatrique Sirop
c57d9595-4360-49ce-a349-4fdf1eab4921,76717d0c-d68c-4251-8aec-8a83c8afd98d,11ae7979-7bb6-49c7-9715-9adacc1b4005,,X-Sone Eye Drops,X-Sone Collyre
240ca3aa-0c6d-4427-8fa9-4080e22e18c6,fb5bbd34-1c43-4d56-a857-afdb64d12b06,c4b6c7b7-4906-4f76-af51-60ec9a34932e,,Oxygen,Oxygène
f26cf0e0-cb97-4227-a7dd-dffaf72d9b8d,433258ba-ce16-4a91-b411-d9c21c560ece,bf712910-1c7f-4e72-9d50-6eb5453efcfd,,Halothane Solution,Halothane Flacon
f757c47e-ba33-49c8-b480-86b833d7fe2c,1ea8890a-f99b-4820-8f3d-ff0e16780155,c4b6c7b7-4906-4f76-af51-60ec9a34932e,,Wooden Tongue Depressor,Abaisse-langue en bois
deca7191-b059-4ca7-96bf-d1f4fd464566,53b27171-cf2d-4b8d-85c6-d423424d0365,c4b6c7b7-4906-4f76-af51-60ec9a34932e,G22,Lumbar Puncture Needle G22,Aiguille à ponction lombaire G22
385415b2-8acb-4059-9f41-fc80cdb28536,53b27171-cf2d-4b8d-85c6-d423424d0365,c4b6c7b7-4906-4f76-af51-60ec9a34932e,G25,Lumbar Puncture Needle G25,Aiguille à ponction lombaire G25
c76c5115-afe7-425f-9e97-d2c8bb6c32dd,cc183e8c-8cc8-40e1-9064-e6537df901f3,c4b6c7b7-4906-4f76-af51-60ec9a34932e,G19,Blood Collection Needle G19,Aiguille G19 (Prélèvement)
1a22d90c-8bf4-45ad-b141-a68cfe976496,cc183e8c-8cc8-40e1-9064-e6537df901f3,c4b6c7b7-4906-4f76-af51-60ec9a34932e,G21,Blood Collection Needle G21,Aiguille G21 (Prélèvement)
cfef94fa-ba16-4c1f-b564-30f56d4cddb8,cc183e8c-8cc8-40e1-9064-e6537df901f3,c4b6c7b7-4906-4f76-af51-60ec9a34932e,G22,Blood Collection Needle G22,Aiguille G22 (Prélèvement)
29260dcc-9dcd-4315-b5ed-bdfe6792706f,cc183e8c-8cc8-40e1-9064-e6537df901f3,c4b6c7b7-4906-4f76-af51-60ec9a34932e,G23,Blood Collection Needle G23,Aiguille G23 (Prélèvement)
b73dae17-d783-4405-aaf9-386d115b4bee,6cdabefc-932f-4c30-9203-31750bb10dfa,c4b6c7b7-4906-4f76-af51-60ec9a34932e,G22,Catheter G22,Cathéter G22
a76d2394-7da7-4447-801e-debc75a1cd59,0d2f8bf9-7fb0-4f2c-be99-5a8bc290d8b7,c4b6c7b7-4906-4f76-af51-60ec9a34932e,500g,Cotton Wool 500g,Coton hydrophile 500g
8dd3ab60-0ffa-402d-923e-febe7e0d04b5,a004cf14-aa6c-4bbe-834b-9a681cda3908,c4b6c7b7-4906-4f76-af51-60ec9a34932e,No. 3/0,Pogal No. 3/0,Pogal N° 3/0
8c9c4875-7945-4e5b-b540-911428359888,8e663332-675d-4f43-9a16-a6225d5e5ea4,c4b6c7b7-4906-4f76-af51-60ec9a34932e,,Gynecological Gloves,Gants gynécologiques
e37eab30-6536-4a17-bfce-923b206f907b,b6268312-d72b-4efe-9f8e-3f3047da6f06,c4b6c7b7-4906-4f76-af51-60ec9a34932e,50ml,Syringe 50ml,Seringue 50ml
a14a9244-2385-48b3-97cb-00df0cff240b,fd22c698-8498-4a9d-806d-5c6c81b83da9,c4b6c7b7-4906-4f76-af51-60ec9a34932e,,Suction Catheter,Sonde d'aspiration
be5b5aec-0147-4d76-9e8f-5252f74188d8,6249a1fc-35bf-401d-a818-2b8cffd09d70,c4b6c7b7-4906-4f76-af51-60ec9a34932e,,Nasogastric Tube,Sonde nasogastrique
5aa469d4-ddc6-4044-9607-bb25518031f1,71941e2a-c77c-478c-bd5d-04042a9430ba,c4b6c7b7-4906-4f76-af51-60ec9a34932e,No. 14,Urinary Catheter No. 14,Sonde urinaire N° 14
251caad1-14f3-4d5a-9233-ef5077acd5b3,71941e2a-c77c-478c-bd5d-04042a9430ba,c4b6c7b7-4906-4f76-af51-60ec9a34932e,No. 16,Urinary Catheter No. 16,Sonde urinaire N° 16
e8d0cca7-f80f-4b70-8777-c158a4f996f4,71941e2a-c77c-478c-bd5d-04042a9430ba,c4b6c7b7-4906-4f76-af51-60ec9a34932e,No. 18,Urinary Catheter No. 18,Sonde urinaire N° 18
84a8d85e-9155-470c-912b-ae78dd9fbe4e,fe7e9215-c2f1-4884-8d48-fddd91aa68fd,c4b6c7b7-4906-4f76-af51-60ec9a34932e,,Envelope,Enveloppe
3b85aa25-336d-46c4-aa4d-83d4352a10d1,3ace559b-7787-4c44-9bf6-ab81a5a55f87,c4b6c7b7-4906-4f76-af51-60ec9a34932e,,DVD,DVD
445330a6-fb94-498a-9dd4-d3f0cb80171d,569b3cd9-0450-4619-b6ca-31fa12747c44,c4b6c7b7-4906-4f76-af51-60ec9a34932e,,Faux Papillon Glasses Plastic,Lunettes Faux Papillon Plastique
82353324-f33b-4d6e-99be-973a39d89829,569b3cd9-0450-4619-b6ca-31fa12747c44,c4b6c7b7-4906-4f76-af51-60ec9a34932e,,Faux Papillon Glasses Metal,Lunettes Faux Papillon Métallique
04751b87-aaaf-4978-82db-03092eaa24fe,569b3cd9-0450-4619-b6ca-31fa12747c44,c4b6c7b7-4906-4f76-af51-60ec9a34932e,,Reading Glasses Plastic,Lunettes Reading Plastique
e04d45ae-faeb-4134-bdc5-42bc2100356a,569b3cd9-0450-4619-b6ca-31fa12747c44,c4b6c7b7-4906-4f76-af51-60ec9a34932e,,Turkey Glasses Plastic,Lunettes Turquie Plastique
6078c8fa-2fa7-473d-9c7f-49ea69bd01ce,539ebb96-73e7-48a3-82fc-e8e4dbf64962,c4b6c7b7-4906-4f76-af51-60ec9a34932e,,Urine Sample Container,Flacon à urines
6b561480-3352-46c8-a54c-4d0c5999aef6,912e6312-9ce1-4b04-9910-84afa3c13d47,c4b6c7b7-4906-4f76-af51-60ec9a34932e,,Stool Sample Container,Flacon à selles
91aa626d-7a1c-4d95-847e-8a7181c19d0f,f9eb5c76-f56c-4dbd-922f-361a04121726,c4b6c7b7-4906-4f76-af51-60ec9a34932e,,Plain Tube,Tube sec
079364b7-8669-42a1-b737-7bf5a87c8a20,4a07f78f-81b2-412e-a5aa-2518e43612a5,c4b6c7b7-4906-4f76-af51-60ec9a34932e,,Endotracheal Tube,Tube d'intubation
40e8b4e5-0273-4c2b-8b43-845c75c5e093,b6268312-d72b-4efe-9f8e-3f3047da6f06,c4b6c7b7-4906-4f76-af51-60ec9a34932e,,Bilateral Syringe,Seringue bilatérale
25fa8b99-f200-4e50-9407-630938a82288,866af2a7-bf56-4a5d-85ed-4836164a3917,c4b6c7b7-4906-4f76-af51-60ec9a34932e,,EDTA Tube,Tube à EDTA
4bb01a22-772b-4553-a0c7-21ba66331f17,0d2f8bf9-7fb0-4f2c-be99-5a8bc290d8b7,c4b6c7b7-4906-4f76-af51-60ec9a34932e,,Cotton Wool Pad,Tampon d'ouate
