{"type": "Collection Version", "uuid": "45111", "id": "4", "short_code": "DemoQueueConcepts", "name": "Demo Queue Concepts", "full_name": "Demo Queue Concepts", "description": "Updated to include french translations.", "collection_type": "Dictionary", "custom_validation_schema": "OpenMRS", "public_access": "View", "default_locale": "en", "supported_locales": ["fr", "es", "ar"], "website": "", "url": "/orgs/openmrs/collections/DemoQueueConcepts/", "owner": "openmrs", "owner_type": "Organization", "owner_url": "/orgs/openmrs/", "version_url": "/orgs/openmrs/collections/DemoQueueConcepts/4/", "previous_version_url": "/orgs/openmrs/collections/DemoQueueConcepts/3.1/", "created_on": "2025-08-08T19:33:17.366584Z", "updated_on": "2025-08-08T19:33:17.926930Z", "created_by": "gpotma", "updated_by": "gpotma", "extras": {"source": "/orgs/openmrs/sources/DemoQueueConcepts/"}, "external_id": "8d90029b-cea8-4d9c-a454-de0d35d2e3e3", "version": "4", "concepts_url": "/orgs/openmrs/collections/DemoQueueConcepts/4/concepts/", "mappings_url": "/orgs/openmrs/collections/DemoQueueConcepts/4/mappings/", "expansions_url": "/orgs/openmrs/collections/DemoQueueConcepts/4/expansions/", "is_processing": true, "released": true, "retired": false, "canonical_url": null, "identifier": {}, "publisher": null, "contact": {}, "jurisdiction": {}, "purpose": null, "copyright": null, "meta": null, "immutable": null, "revision_date": null, "text": null, "experimental": null, "locked_date": null, "autoexpand": true, "expansion_url": "/orgs/openmrs/collections/DemoQueueConcepts/4/expansions/autoexpand-4/", "checksums": {"smart": "e68da43dad5112bbc88b47ee3a7c92dc", "standard": "705e5cb243a86c920161b08ea87e5275"}, "collection": {"id": "DemoQueueConcepts", "url": "/orgs/openmrs/collections/DemoQueueConcepts/", "meta": null, "name": "Demo Queue Concepts", "text": null, "type": "Collection", "uuid": "11569", "owner": "openmrs", "extras": {"source": "/orgs/openmrs/sources/DemoQueueConcepts/"}, "contact": {}, "purpose": null, "version": "HEAD", "website": "", "logo_url": null, "checksums": {"smart": "f798e6a33bd5963e9e92588ee3b342e2", "standard": "705e5cb243a86c920161b08ea87e5275"}, "copyright": null, "full_name": "Demo Queue Concepts", "immutable": null, "owner_url": "/orgs/openmrs/", "publisher": null, "created_by": "gpotma", "created_on": "2022-03-01T05:13:48.926907Z", "identifier": {}, "owner_type": "Organization", "short_code": "DemoQueueConcepts", "updated_by": "gpotma", "updated_on": "2025-08-08T19:32:05.450043Z", "description": "Demo concepts for Service Delivery Queues in the 3.x RefApp. Wiki page here: https://wiki.openmrs.org/x/LArDDw", "external_id": "8d90029b-cea8-4d9c-a454-de0d35d2e3e3", "locked_date": null, "concepts_url": "/orgs/openmrs/collections/DemoQueueConcepts/concepts/", "experimental": null, "jurisdiction": {}, "mappings_url": "/orgs/openmrs/collections/DemoQueueConcepts/mappings/", "versions_url": "/orgs/openmrs/collections/DemoQueueConcepts/versions/", "canonical_url": null, "expansion_url": "/orgs/openmrs/collections/DemoQueueConcepts/HEAD/expansions/autoexpand-HEAD/", "public_access": "View", "revision_date": null, "default_locale": "en", "expansions_url": "/orgs/openmrs/collections/DemoQueueConcepts/expansions/", "autoexpand_head": true, "collection_type": "Dictionary", "preferred_source": "CIEL", "supported_locales": ["en", "fr", "es", "ar"], "custom_validation_schema": "OpenMRS", "custom_resources_linked_source": ""}, "concepts": [{"type": "Concept", "uuid": "8707252", "id": "DemoQueue-Service-Triage", "external_id": "d62d58e9-ec91-4108-9643-00f5f23bf51c", "concept_class": "Misc", "datatype": "N/A", "display_name": "Triage", "display_locale": "en", "names": [{"uuid": "26933814", "name": "Triage", "external_id": "048f510a-aaca-4a9c-94ec-c11e8af81f6d", "type": "ConceptName", "locale": "en", "locale_preferred": true, "name_type": "FULLY_SPECIFIED", "checksum": "4a5e949d8cf1856d77a90a5a0da0abbb"}, {"uuid": "26933815", "name": "Triage", "external_id": "28416723-7e68-4114-9f4e-8e060119de40", "type": "ConceptName", "locale": "fr", "locale_preferred": false, "name_type": "Fully-Specified", "checksum": "47c917a3814a341cd496e105d6674fa3"}], "descriptions": [{"uuid": "3215321", "description": "Service area is Triage.", "external_id": "e839627f-3037-4ac6-acec-be54cab66d07", "type": "ConceptDescription", "locale": "en", "locale_preferred": false, "description_type": "None", "checksum": "2695c74ff1b369fc2cb01019206f3a81"}], "extras": {}, "retired": false, "source": "DemoQueueConcepts", "source_url": "/orgs/openmrs/sources/DemoQueueConcepts/", "owner": "openmrs", "owner_name": "openmrs", "owner_url": "/orgs/openmrs/", "version": "8707252", "created_on": "2025-08-08T19:21:26.380310Z", "updated_on": "2025-08-08T19:21:26.386208Z", "version_created_on": "2025-08-08T19:21:26.380310Z", "version_created_by": "gpotma", "update_comment": "added fr", "is_latest_version": true, "locale": null, "url": "/orgs/openmrs/sources/DemoQueueConcepts/concepts/DemoQueue-Service-Triage/", "owner_type": "Organization", "version_url": "/orgs/openmrs/sources/DemoQueueConcepts/concepts/DemoQueue-Service-Triage/8707252/", "previous_version_url": "/orgs/openmrs/sources/DemoQueueConcepts/concepts/DemoQueue-Service-Triage/1566258/", "parent_concept_urls": [], "child_concept_urls": [], "version_updated_on": "2025-08-08T19:21:26.386208Z", "version_updated_by": "gpotma", "checksums": {"smart": "6c2382381640fc815c261f57a65f89b3", "standard": "c95e3133aac78293adec6b947130029e"}}, {"type": "Concept", "uuid": "8707251", "id": "DemoQueue-Service", "external_id": "a8f3f64a-11d5-4a09-b0fb-c8118fa349f3", "concept_class": "ConvSet", "datatype": "N/A", "display_name": "Service", "display_locale": "en", "names": [{"uuid": "26933810", "name": "Service", "external_id": "02c854cd-0a31-43f5-905d-b1392dfd09ff", "type": "ConceptName", "locale": "en", "locale_preferred": true, "name_type": "FULLY_SPECIFIED", "checksum": "3f522a844ccf5e97dcb05c4ceaebf235"}, {"uuid": "26933811", "name": "Service", "external_id": "61251080-237d-487f-99d2-51a4cc14c145", "type": "ConceptName", "locale": "fr", "locale_preferred": false, "name_type": "Fully-Specified", "checksum": "75090cfafb7304eaca945f4c2d042029"}], "descriptions": [{"uuid": "3215319", "description": "Service area description, e.g. Triage, Clinical Consult, etc.", "external_id": "94ea65cc-16c9-4671-b2d9-c7b0d9117d25", "type": "ConceptDescription", "locale": "en", "locale_preferred": false, "description_type": "None", "checksum": "4e8620a85bd44d93727aaac721142141"}], "extras": {}, "retired": false, "source": "DemoQueueConcepts", "source_url": "/orgs/openmrs/sources/DemoQueueConcepts/", "owner": "openmrs", "owner_name": "openmrs", "owner_url": "/orgs/openmrs/", "version": "8707251", "created_on": "2025-08-08T19:20:59.575748Z", "updated_on": "2025-08-08T19:20:59.579380Z", "version_created_on": "2025-08-08T19:20:59.575748Z", "version_created_by": "gpotma", "update_comment": "added fr", "is_latest_version": true, "locale": null, "url": "/orgs/openmrs/sources/DemoQueueConcepts/concepts/DemoQueue-Service/", "owner_type": "Organization", "version_url": "/orgs/openmrs/sources/DemoQueueConcepts/concepts/DemoQueue-Service/8707251/", "previous_version_url": "/orgs/openmrs/sources/DemoQueueConcepts/concepts/DemoQueue-Service/1566261/", "parent_concept_urls": [], "child_concept_urls": [], "version_updated_on": "2025-08-08T19:20:59.579380Z", "version_updated_by": "gpotma", "checksums": {"smart": "4edbd3627db44c1fd69a5be51568dbb4", "standard": "028781424fd72936ad227f882adffa2e"}}, {"type": "Concept", "uuid": "8707250", "id": "DemoQueue-Status-FinishedService", "external_id": "b559fb77-4e1e-4285-b9b7-1d03e0ba983f", "concept_class": "Misc", "datatype": "N/A", "display_name": "Finished Service", "display_locale": "en", "names": [{"uuid": "26933806", "name": "Finished Service", "external_id": "5585edc7-c2d5-4213-949a-40180d5a99aa", "type": "ConceptName", "locale": "en", "locale_preferred": true, "name_type": "FULLY_SPECIFIED", "checksum": "5fecbdb667760868545634587a65567a"}, {"uuid": "26933807", "name": "Service compl\u00e9t\u00e9", "external_id": "1b7b62d5-b0e7-4666-92eb-f9d059385559", "type": "ConceptName", "locale": "fr", "locale_preferred": false, "name_type": "Fully-Specified", "checksum": "6e36ff28d18004aa677fbfc03d195db7"}], "descriptions": [], "extras": {}, "retired": false, "source": "DemoQueueConcepts", "source_url": "/orgs/openmrs/sources/DemoQueueConcepts/", "owner": "openmrs", "owner_name": "openmrs", "owner_url": "/orgs/openmrs/", "version": "8707250", "created_on": "2025-08-08T19:20:16.928247Z", "updated_on": "2025-08-08T19:20:16.933279Z", "version_created_on": "2025-08-08T19:20:16.928247Z", "version_created_by": "gpotma", "update_comment": "added fr", "is_latest_version": true, "locale": null, "url": "/orgs/openmrs/sources/DemoQueueConcepts/concepts/DemoQueue-Status-FinishedService/", "owner_type": "Organization", "version_url": "/orgs/openmrs/sources/DemoQueueConcepts/concepts/DemoQueue-Status-FinishedService/8707250/", "previous_version_url": "/orgs/openmrs/sources/DemoQueueConcepts/concepts/DemoQueue-Status-FinishedService/1566269/", "parent_concept_urls": [], "child_concept_urls": [], "version_updated_on": "2025-08-08T19:20:16.933279Z", "version_updated_by": "gpotma", "checksums": {"smart": "cc47b0285548963d7304967c04ac5afc", "standard": "a86d3fd779b230c0e19390d7a5b17b02"}}, {"type": "Concept", "uuid": "8707249", "id": "DemoQueue-Service-ClinicalConsultation", "external_id": "e96e2ce6-e326-46f2-8015-17572689c401", "concept_class": "Misc", "datatype": "N/A", "display_name": "Clinical Consult", "display_locale": "en", "names": [{"uuid": "26933802", "name": "Clinical Consult", "external_id": "d20c1f77-9a52-4f7c-9eef-28de4eabc89e", "type": "ConceptName", "locale": "en", "locale_preferred": true, "name_type": "FULLY_SPECIFIED", "checksum": "1945fa4f175cc909ed531698eca167bc"}, {"uuid": "26933803", "name": "Consultation clinique", "external_id": "f6e526ec-f6c8-45e1-9ccf-a3cf6a2cef98", "type": "ConceptName", "locale": "fr", "locale_preferred": false, "name_type": "Fully-Specified", "checksum": "6b92f0feceaf298ff0c8d8fdef384c5b"}], "descriptions": [], "extras": {}, "retired": false, "source": "DemoQueueConcepts", "source_url": "/orgs/openmrs/sources/DemoQueueConcepts/", "owner": "openmrs", "owner_name": "openmrs", "owner_url": "/orgs/openmrs/", "version": "8707249", "created_on": "2025-08-08T19:19:47.868523Z", "updated_on": "2025-08-08T19:19:47.875294Z", "version_created_on": "2025-08-08T19:19:47.868523Z", "version_created_by": "gpotma", "update_comment": "added fr", "is_latest_version": true, "locale": null, "url": "/orgs/openmrs/sources/DemoQueueConcepts/concepts/DemoQueue-Service-ClinicalConsultation/", "owner_type": "Organization", "version_url": "/orgs/openmrs/sources/DemoQueueConcepts/concepts/DemoQueue-Service-ClinicalConsultation/8707249/", "previous_version_url": "/orgs/openmrs/sources/DemoQueueConcepts/concepts/DemoQueue-Service-ClinicalConsultation/5884852/", "parent_concept_urls": [], "child_concept_urls": [], "version_updated_on": "2025-08-08T19:19:47.875294Z", "version_updated_by": "gpotma", "checksums": {"smart": "c1152f9e4ca0af6c62b81bbdae38ab5a", "standard": "ceecb2dd63d9d1a08162a988fcf6c1b6"}}, {"type": "Concept", "uuid": "8707248", "id": "DemoQueue-Priority-Emergency", "external_id": "04f6f7e0-e3cb-4e13-a133-4479f759574e", "concept_class": "Misc", "datatype": "N/A", "display_name": "Emergency", "display_locale": "en", "names": [{"uuid": "26933798", "name": "Emergency", "external_id": "bc607a95-97b5-4ed8-a000-0dc26a0c1610", "type": "ConceptName", "locale": "en", "locale_preferred": true, "name_type": "FULLY_SPECIFIED", "checksum": "d4b97be30f2c7e3e5eeb27209415b766"}, {"uuid": "26933799", "name": "Cas d\u2019urgence", "external_id": "23dd37df-4d83-4904-ad3c-5d726cb077cb", "type": "ConceptName", "locale": "fr", "locale_preferred": false, "name_type": "Fully-Specified", "checksum": "cb3cdcb69e37c9432ddc2ad169b19a9d"}], "descriptions": [{"uuid": "3215317", "description": "Priority level is \"Emergency\" or \"Emergent\".", "external_id": "03df0597-8d3c-426b-b7b1-93df68ce4b1e", "type": "ConceptDescription", "locale": "en", "locale_preferred": false, "description_type": "None", "checksum": "dde7036165faf4c46b4a49fe2fe8887f"}], "extras": {}, "retired": false, "source": "DemoQueueConcepts", "source_url": "/orgs/openmrs/sources/DemoQueueConcepts/", "owner": "openmrs", "owner_name": "openmrs", "owner_url": "/orgs/openmrs/", "version": "8707248", "created_on": "2025-08-08T19:16:52.140151Z", "updated_on": "2025-08-08T19:16:52.146787Z", "version_created_on": "2025-08-08T19:16:52.140151Z", "version_created_by": "gpotma", "update_comment": "Added \"Cas d'\" for greater visual clarity between Urgence and Urgent", "is_latest_version": true, "locale": null, "url": "/orgs/openmrs/sources/DemoQueueConcepts/concepts/DemoQueue-Priority-Emergency/", "owner_type": "Organization", "version_url": "/orgs/openmrs/sources/DemoQueueConcepts/concepts/DemoQueue-Priority-Emergency/8707248/", "previous_version_url": "/orgs/openmrs/sources/DemoQueueConcepts/concepts/DemoQueue-Priority-Emergency/8707241/", "parent_concept_urls": [], "child_concept_urls": [], "version_updated_on": "2025-08-08T19:16:52.146787Z", "version_updated_by": "gpotma", "checksums": {"smart": "65b77ca640f73bd6792783cea629620b", "standard": "b8a338280aa85b6ed0381f255ac1c0c2"}}, {"type": "Concept", "uuid": "8707247", "id": "DemoQueue-Status-InService", "external_id": "ca7494ae-437f-4fd0-8aae-b88b9a2ba47d", "concept_class": "Misc", "datatype": "N/A", "display_name": "In Service", "display_locale": "en", "names": [{"uuid": "26933794", "name": "In Service", "external_id": "c46d7ea5-4f13-4a8a-9aa7-029bc8fd6636", "type": "ConceptName", "locale": "en", "locale_preferred": true, "name_type": "FULLY_SPECIFIED", "checksum": "0d423e135802eaa77be3136c0b97fb76"}, {"uuid": "26933795", "name": "Service en cours", "external_id": "cafa63c1-74c1-40cc-ac92-280109d367cc", "type": "ConceptName", "locale": "fr", "locale_preferred": false, "name_type": "Fully-Specified", "checksum": "3519831a103ae217e7f392dffe9602ec"}], "descriptions": [{"uuid": "3215315", "description": "Currently in service (as opposed to waiting or on hold)", "external_id": "ced54ac4-61e5-4a92-8af2-3462177c53f6", "type": "ConceptDescription", "locale": "en", "locale_preferred": false, "description_type": "None", "checksum": "15f2c35fd6c5b25d634682161a249477"}], "extras": {}, "retired": false, "source": "DemoQueueConcepts", "source_url": "/orgs/openmrs/sources/DemoQueueConcepts/", "owner": "openmrs", "owner_name": "openmrs", "owner_url": "/orgs/openmrs/", "version": "8707247", "created_on": "2025-08-08T19:14:53.505232Z", "updated_on": "2025-08-08T19:14:53.513842Z", "version_created_on": "2025-08-08T19:14:53.505232Z", "version_created_by": "gpotma", "update_comment": "Added fr", "is_latest_version": true, "locale": null, "url": "/orgs/openmrs/sources/DemoQueueConcepts/concepts/DemoQueue-Status-InService/", "owner_type": "Organization", "version_url": "/orgs/openmrs/sources/DemoQueueConcepts/concepts/DemoQueue-Status-InService/8707247/", "previous_version_url": "/orgs/openmrs/sources/DemoQueueConcepts/concepts/DemoQueue-Status-InService/1566267/", "parent_concept_urls": [], "child_concept_urls": [], "version_updated_on": "2025-08-08T19:14:53.513842Z", "version_updated_by": "gpotma", "checksums": {"smart": "0298dea839a555c021e3534383743612", "standard": "8f759e29dbee12c42e2f86b9033aca02"}}, {"type": "Concept", "uuid": "8707246", "id": "DemoQueue-Status-Waiting", "external_id": "51ae5e4d-b72b-4912-bf31-a17efb690aeb", "concept_class": "Misc", "datatype": "N/A", "display_name": "Waiting", "display_locale": "en", "names": [{"uuid": "26933790", "name": "Waiting", "external_id": "5e2c1ed8-e21c-495f-9a88-7fadc42d8b23", "type": "ConceptName", "locale": "en", "locale_preferred": true, "name_type": "FULLY_SPECIFIED", "checksum": "eb2860b9da822f0180fd3ceaee74c67e"}, {"uuid": "26933791", "name": "En attente", "external_id": "f2949fb1-4dee-4c07-8ba2-5dc311452dc8", "type": "ConceptName", "locale": "fr", "locale_preferred": false, "name_type": "Fully-Specified", "checksum": "ebf392a5e6e9471189cf5089ed25fc9e"}], "descriptions": [{"uuid": "3215313", "description": "Waiting for service.", "external_id": "575f7eeb-6fd3-4b73-8130-2bd48f846d97", "type": "ConceptDescription", "locale": "en", "locale_preferred": false, "description_type": "None", "checksum": "526148126fb95a666d93f8de15944aa0"}], "extras": {}, "retired": false, "source": "DemoQueueConcepts", "source_url": "/orgs/openmrs/sources/DemoQueueConcepts/", "owner": "openmrs", "owner_name": "openmrs", "owner_url": "/orgs/openmrs/", "version": "8707246", "created_on": "2025-08-08T19:14:14.085484Z", "updated_on": "2025-08-08T19:14:14.090691Z", "version_created_on": "2025-08-08T19:14:14.085484Z", "version_created_by": "gpotma", "update_comment": "added fr", "is_latest_version": true, "locale": null, "url": "/orgs/openmrs/sources/DemoQueueConcepts/concepts/DemoQueue-Status-Waiting/", "owner_type": "Organization", "version_url": "/orgs/openmrs/sources/DemoQueueConcepts/concepts/DemoQueue-Status-Waiting/8707246/", "previous_version_url": "/orgs/openmrs/sources/DemoQueueConcepts/concepts/DemoQueue-Status-Waiting/1566265/", "parent_concept_urls": [], "child_concept_urls": [], "version_updated_on": "2025-08-08T19:14:14.090691Z", "version_updated_by": "gpotma", "checksums": {"smart": "4e3eac4fb74a69272045ae349e10f4a4", "standard": "82c671307a86ed291fa8d8dc6b5215e8"}}, {"type": "Concept", "uuid": "8707245", "id": "DemoQueue-Status", "external_id": "d60ffa60-fca6-4c60-aea9-a79469ae65c7", "concept_class": "ConvSet", "datatype": "N/A", "display_name": "Status", "display_locale": "en", "names": [{"uuid": "26933786", "name": "Status", "external_id": "8e1cc7e4-ab53-440b-bda0-a5af0f5d537c", "type": "ConceptName", "locale": "en", "locale_preferred": true, "name_type": "FULLY_SPECIFIED", "checksum": "56bb824d65a675f6ca2d6e7647106282"}, {"uuid": "26933787", "name": "Statut", "external_id": "e8fc7b3d-9dad-4b92-93a5-515ed42dbaf4", "type": "ConceptName", "locale": "fr", "locale_preferred": false, "name_type": "Fully-Specified", "checksum": "c4ea3e933bee1fb8af880efb5b3bc8a2"}], "descriptions": [{"uuid": "3215311", "description": "Status, such as Waiting, Done, etc.", "external_id": "c323a649-5dde-4dba-a1d5-650f8f78deaa", "type": "ConceptDescription", "locale": "en", "locale_preferred": false, "description_type": "None", "checksum": "e48fbca6b7eb8717c48dda76f2b4f6f6"}], "extras": {}, "retired": false, "source": "DemoQueueConcepts", "source_url": "/orgs/openmrs/sources/DemoQueueConcepts/", "owner": "openmrs", "owner_name": "openmrs", "owner_url": "/orgs/openmrs/", "version": "8707245", "created_on": "2025-08-08T19:13:28.948933Z", "updated_on": "2025-08-08T19:13:28.955715Z", "version_created_on": "2025-08-08T19:13:28.948933Z", "version_created_by": "gpotma", "update_comment": "added french", "is_latest_version": true, "locale": null, "url": "/orgs/openmrs/sources/DemoQueueConcepts/concepts/DemoQueue-Status/", "owner_type": "Organization", "version_url": "/orgs/openmrs/sources/DemoQueueConcepts/concepts/DemoQueue-Status/8707245/", "previous_version_url": "/orgs/openmrs/sources/DemoQueueConcepts/concepts/DemoQueue-Status/1566270/", "parent_concept_urls": [], "child_concept_urls": [], "version_updated_on": "2025-08-08T19:13:28.955715Z", "version_updated_by": "gpotma", "checksums": {"smart": "b330ed3a1f967079ca70c96be7d76f8b", "standard": "540050dbd9bf94578ce6841474f9537a"}}, {"type": "Concept", "uuid": "8707244", "id": "DemoQueue-Priority-Urgent", "external_id": "dc3492ef-24a5-4fd9-b58d-4fd2acf7071f", "concept_class": "Misc", "datatype": "N/A", "display_name": "Urgent", "display_locale": "en", "names": [{"uuid": "26933782", "name": "Urgent", "external_id": "82fadaac-33af-4536-ba58-b6055ca2e8fc", "type": "ConceptName", "locale": "en", "locale_preferred": true, "name_type": "FULLY_SPECIFIED", "checksum": "b80e2fba6da73a8696ca794d9d3d9c28"}, {"uuid": "26933783", "name": "Urgent", "external_id": "4e6df846-3f16-4f2b-b0b2-9026cec08819", "type": "ConceptName", "locale": "fr", "locale_preferred": false, "name_type": "Fully-Specified", "checksum": "871ba004ce7e069f57fef600d2ee139a"}], "descriptions": [{"uuid": "3215309", "description": "Queue priority level is \"Urgent\".", "external_id": "ee8f06de-ee1c-4a55-bf7f-77c83dac3d18", "type": "ConceptDescription", "locale": "en", "locale_preferred": false, "description_type": "None", "checksum": "118d0bfab55d727197448760b9764423"}], "extras": {}, "retired": false, "source": "DemoQueueConcepts", "source_url": "/orgs/openmrs/sources/DemoQueueConcepts/", "owner": "openmrs", "owner_name": "openmrs", "owner_url": "/orgs/openmrs/", "version": "8707244", "created_on": "2025-08-08T19:12:46.654401Z", "updated_on": "2025-08-08T19:12:46.661109Z", "version_created_on": "2025-08-08T19:12:46.654401Z", "version_created_by": "gpotma", "update_comment": "Added french", "is_latest_version": true, "locale": null, "url": "/orgs/openmrs/sources/DemoQueueConcepts/concepts/DemoQueue-Priority-Urgent/", "owner_type": "Organization", "version_url": "/orgs/openmrs/sources/DemoQueueConcepts/concepts/DemoQueue-Priority-Urgent/8707244/", "previous_version_url": "/orgs/openmrs/sources/DemoQueueConcepts/concepts/DemoQueue-Priority-Urgent/1566251/", "parent_concept_urls": [], "child_concept_urls": [], "version_updated_on": "2025-08-08T19:12:46.661109Z", "version_updated_by": "gpotma", "checksums": {"smart": "14742b12a701f4a4ab56475958b00112", "standard": "740cc510f889cf95ba6dd0f0d89149fc"}}, {"type": "Concept", "uuid": "8707243", "id": "DemoQueue-Priority-NotUrgent", "external_id": "f4620bfa-3625-4883-bd3f-84c2cce14470", "concept_class": "Misc", "datatype": "N/A", "display_name": "Not Urgent", "display_locale": "en", "names": [{"uuid": "26933778", "name": "Not Urgent", "external_id": "175654f5-3bf3-456c-9b1a-e8e807c14658", "type": "ConceptName", "locale": "en", "locale_preferred": true, "name_type": "FULLY_SPECIFIED", "checksum": "8c421f4c15bbf2da03174fb7d7a3cb10"}, {"uuid": "26933779", "name": "Non urgent", "external_id": "55be66d4-5dad-4844-b65d-4ddd3147e0fb", "type": "ConceptName", "locale": "fr", "locale_preferred": false, "name_type": "Fully-Specified", "checksum": "d470f731ca24b8db3fa514404eea0270"}], "descriptions": [{"uuid": "3215307", "description": "Priority is \"Not Urgent\" or non-urgent.", "external_id": "43e1c2a1-017b-4764-a94a-3d1c4313e45b", "type": "ConceptDescription", "locale": "en", "locale_preferred": false, "description_type": "None", "checksum": "60d73a5c213f0f3718ae0c4907a1cb83"}], "extras": {}, "retired": false, "source": "DemoQueueConcepts", "source_url": "/orgs/openmrs/sources/DemoQueueConcepts/", "owner": "openmrs", "owner_name": "openmrs", "owner_url": "/orgs/openmrs/", "version": "8707243", "created_on": "2025-08-08T19:12:09.025430Z", "updated_on": "2025-08-08T19:12:09.033414Z", "version_created_on": "2025-08-08T19:12:09.025430Z", "version_created_by": "gpotma", "update_comment": "Added french", "is_latest_version": true, "locale": null, "url": "/orgs/openmrs/sources/DemoQueueConcepts/concepts/DemoQueue-Priority-NotUrgent/", "owner_type": "Organization", "version_url": "/orgs/openmrs/sources/DemoQueueConcepts/concepts/DemoQueue-Priority-NotUrgent/8707243/", "previous_version_url": "/orgs/openmrs/sources/DemoQueueConcepts/concepts/DemoQueue-Priority-NotUrgent/1566253/", "parent_concept_urls": [], "child_concept_urls": [], "version_updated_on": "2025-08-08T19:12:09.033414Z", "version_updated_by": "gpotma", "checksums": {"smart": "25bd2d027b5f72f737aa94c2d19e05e4", "standard": "4e5ec3488aef149a635b0326f492e100"}}, {"type": "Concept", "uuid": "8707242", "id": "DemoQueue-Priority", "external_id": "78063dec-b6d8-40c1-9483-dd4d3c3ca434", "concept_class": "ConvSet", "datatype": "N/A", "display_name": "Priority", "display_locale": "en", "names": [{"uuid": "26933774", "name": "Priority", "external_id": "bf3a7fb3-a41b-4bb1-ab5e-1331270033dc", "type": "ConceptName", "locale": "en", "locale_preferred": true, "name_type": "FULLY_SPECIFIED", "checksum": "79d5e8d843e31ce349670bfdb45720eb"}, {"uuid": "26933775", "name": "Priorit\u00e9", "external_id": "40ca93b9-329a-4661-bc6e-032caca1f452", "type": "ConceptName", "locale": "fr", "locale_preferred": false, "name_type": "Fully-Specified", "checksum": "d86a315720c8bcaf2d6bf566b6f47850"}], "descriptions": [{"uuid": "3215305", "description": "Demo priority levels for the Priority field in Queue flow.", "external_id": "89ff9eb0-c951-420c-9c81-1501a11f8716", "type": "ConceptDescription", "locale": "en", "locale_preferred": false, "description_type": "None", "checksum": "d3c1b6725fe786fab77db094213ca9ff"}], "extras": {}, "retired": false, "source": "DemoQueueConcepts", "source_url": "/orgs/openmrs/sources/DemoQueueConcepts/", "owner": "openmrs", "owner_name": "openmrs", "owner_url": "/orgs/openmrs/", "version": "8707242", "created_on": "2025-08-08T19:11:22.052608Z", "updated_on": "2025-08-08T19:11:22.061188Z", "version_created_on": "2025-08-08T19:11:22.052608Z", "version_created_by": "gpotma", "update_comment": "Added French", "is_latest_version": true, "locale": null, "url": "/orgs/openmrs/sources/DemoQueueConcepts/concepts/DemoQueue-Priority/", "owner_type": "Organization", "version_url": "/orgs/openmrs/sources/DemoQueueConcepts/concepts/DemoQueue-Priority/8707242/", "previous_version_url": "/orgs/openmrs/sources/DemoQueueConcepts/concepts/DemoQueue-Priority/1566254/", "parent_concept_urls": [], "child_concept_urls": [], "version_updated_on": "2025-08-08T19:11:22.061188Z", "version_updated_by": "gpotma", "checksums": {"smart": "b2974014774f76ad31b37e50be7c8aed", "standard": "30d04d89176160333be9e82209d08a42"}}], "references": [{"expression": "/orgs/openmrs/sources/DemoQueueConcepts/concepts/DemoQueue-Priority/", "reference_type": "concepts", "id": 11622400, "last_resolved_at": "2025-08-08T19:33:17.877788Z", "uri": "/orgs/openmrs/collections/DemoQueueConcepts/4/references/11622400/", "uuid": "11622400", "include": true, "type": "CollectionReference", "code": "DemoQueue-Priority", "resource_version": null, "namespace": null, "system": "/orgs/openmrs/sources/DemoQueueConcepts/", "version": null, "valueset": null, "cascade": null, "filter": null, "display": null, "created_at": "2025-08-08T19:33:17.879461Z", "updated_at": "2025-08-08T19:33:17.879477Z", "concepts": 1, "mappings": 0, "translation": "Include latest concept \"DemoQueue-Priority\" from openmrs/DemoQueueConcepts", "transform": null}, {"expression": "/orgs/openmrs/sources/DemoQueueConcepts/concepts/DemoQueue-Priority-NotUrgent/", "reference_type": "concepts", "id": 11622399, "last_resolved_at": "2025-08-08T19:33:17.859939Z", "uri": "/orgs/openmrs/collections/DemoQueueConcepts/4/references/11622399/", "uuid": "11622399", "include": true, "type": "CollectionReference", "code": "DemoQueue-Priority-NotUrgent", "resource_version": null, "namespace": null, "system": "/orgs/openmrs/sources/DemoQueueConcepts/", "version": null, "valueset": null, "cascade": null, "filter": null, "display": null, "created_at": "2025-08-08T19:33:17.861615Z", "updated_at": "2025-08-08T19:33:17.861630Z", "concepts": 1, "mappings": 0, "translation": "Include latest concept \"DemoQueue-Priority-NotUrgent\" from openmrs/DemoQueueConcepts", "transform": null}, {"expression": "/orgs/openmrs/sources/DemoQueueConcepts/concepts/DemoQueue-Priority-Urgent/", "reference_type": "concepts", "id": 11622398, "last_resolved_at": "2025-08-08T19:33:17.841576Z", "uri": "/orgs/openmrs/collections/DemoQueueConcepts/4/references/11622398/", "uuid": "11622398", "include": true, "type": "CollectionReference", "code": "DemoQueue-Priority-Urgent", "resource_version": null, "namespace": null, "system": "/orgs/openmrs/sources/DemoQueueConcepts/", "version": null, "valueset": null, "cascade": null, "filter": null, "display": null, "created_at": "2025-08-08T19:33:17.843536Z", "updated_at": "2025-08-08T19:33:17.843551Z", "concepts": 1, "mappings": 0, "translation": "Include latest concept \"DemoQueue-Priority-Urgent\" from openmrs/DemoQueueConcepts", "transform": null}, {"expression": "/orgs/openmrs/sources/DemoQueueConcepts/concepts/DemoQueue-Status/", "reference_type": "concepts", "id": 11622397, "last_resolved_at": "2025-08-08T19:33:17.822564Z", "uri": "/orgs/openmrs/collections/DemoQueueConcepts/4/references/11622397/", "uuid": "11622397", "include": true, "type": "CollectionReference", "code": "DemoQueue-Status", "resource_version": null, "namespace": null, "system": "/orgs/openmrs/sources/DemoQueueConcepts/", "version": null, "valueset": null, "cascade": null, "filter": null, "display": null, "created_at": "2025-08-08T19:33:17.824192Z", "updated_at": "2025-08-08T19:33:17.824205Z", "concepts": 1, "mappings": 0, "translation": "Include latest concept \"DemoQueue-Status\" from openmrs/DemoQueueConcepts", "transform": null}, {"expression": "/orgs/openmrs/sources/DemoQueueConcepts/concepts/DemoQueue-Status-Waiting/", "reference_type": "concepts", "id": 11622396, "last_resolved_at": "2025-08-08T19:33:17.804981Z", "uri": "/orgs/openmrs/collections/DemoQueueConcepts/4/references/11622396/", "uuid": "11622396", "include": true, "type": "CollectionReference", "code": "DemoQueue-Status-Waiting", "resource_version": null, "namespace": null, "system": "/orgs/openmrs/sources/DemoQueueConcepts/", "version": null, "valueset": null, "cascade": null, "filter": null, "display": null, "created_at": "2025-08-08T19:33:17.806598Z", "updated_at": "2025-08-08T19:33:17.806610Z", "concepts": 1, "mappings": 0, "translation": "Include latest concept \"DemoQueue-Status-Waiting\" from openmrs/DemoQueueConcepts", "transform": null}, {"expression": "/orgs/openmrs/sources/DemoQueueConcepts/concepts/DemoQueue-Status-InService/", "reference_type": "concepts", "id": 11622395, "last_resolved_at": "2025-08-08T19:33:17.787283Z", "uri": "/orgs/openmrs/collections/DemoQueueConcepts/4/references/11622395/", "uuid": "11622395", "include": true, "type": "CollectionReference", "code": "DemoQueue-Status-InService", "resource_version": null, "namespace": null, "system": "/orgs/openmrs/sources/DemoQueueConcepts/", "version": null, "valueset": null, "cascade": null, "filter": null, "display": null, "created_at": "2025-08-08T19:33:17.788938Z", "updated_at": "2025-08-08T19:33:17.788952Z", "concepts": 1, "mappings": 0, "translation": "Include latest concept \"DemoQueue-Status-InService\" from openmrs/DemoQueueConcepts", "transform": null}, {"expression": "/orgs/openmrs/sources/DemoQueueConcepts/concepts/DemoQueue-Priority-Emergency/", "reference_type": "concepts", "id": 11622394, "last_resolved_at": "2025-08-08T19:33:17.769445Z", "uri": "/orgs/openmrs/collections/DemoQueueConcepts/4/references/11622394/", "uuid": "11622394", "include": true, "type": "CollectionReference", "code": "DemoQueue-Priority-Emergency", "resource_version": null, "namespace": null, "system": "/orgs/openmrs/sources/DemoQueueConcepts/", "version": null, "valueset": null, "cascade": null, "filter": null, "display": null, "created_at": "2025-08-08T19:33:17.771116Z", "updated_at": "2025-08-08T19:33:17.771131Z", "concepts": 1, "mappings": 0, "translation": "Include latest concept \"DemoQueue-Priority-Emergency\" from openmrs/DemoQueueConcepts", "transform": null}, {"expression": "/orgs/openmrs/sources/DemoQueueConcepts/concepts/DemoQueue-Status-FinishedService/", "reference_type": "concepts", "id": 11622393, "last_resolved_at": "2025-08-08T19:33:17.751228Z", "uri": "/orgs/openmrs/collections/DemoQueueConcepts/4/references/11622393/", "uuid": "11622393", "include": true, "type": "CollectionReference", "code": "DemoQueue-Status-FinishedService", "resource_version": null, "namespace": null, "system": "/orgs/openmrs/sources/DemoQueueConcepts/", "version": null, "valueset": null, "cascade": null, "filter": null, "display": null, "created_at": "2025-08-08T19:33:17.753077Z", "updated_at": "2025-08-08T19:33:17.753093Z", "concepts": 1, "mappings": 0, "translation": "Include latest concept \"DemoQueue-Status-FinishedService\" from openmrs/DemoQueueConcepts", "transform": null}, {"expression": "/orgs/openmrs/sources/DemoQueueConcepts/concepts/DemoQueue-Service-ClinicalConsultation/", "reference_type": "concepts", "id": 11622392, "last_resolved_at": "2025-08-08T19:33:17.731825Z", "uri": "/orgs/openmrs/collections/DemoQueueConcepts/4/references/11622392/", "uuid": "11622392", "include": true, "type": "CollectionReference", "code": "DemoQueue-Service-ClinicalConsultation", "resource_version": null, "namespace": null, "system": "/orgs/openmrs/sources/DemoQueueConcepts/", "version": null, "valueset": null, "cascade": null, "filter": null, "display": null, "created_at": "2025-08-08T19:33:17.733687Z", "updated_at": "2025-08-08T19:33:17.733701Z", "concepts": 1, "mappings": 0, "translation": "Include latest concept \"DemoQueue-Service-ClinicalConsultation\" from openmrs/DemoQueueConcepts", "transform": null}, {"expression": "/orgs/openmrs/sources/DemoQueueConcepts/concepts/DemoQueue-Service/", "reference_type": "concepts", "id": 11622391, "last_resolved_at": "2025-08-08T19:33:17.710381Z", "uri": "/orgs/openmrs/collections/DemoQueueConcepts/4/references/11622391/", "uuid": "11622391", "include": true, "type": "CollectionReference", "code": "DemoQueue-Service", "resource_version": null, "namespace": null, "system": "/orgs/openmrs/sources/DemoQueueConcepts/", "version": null, "valueset": null, "cascade": null, "filter": null, "display": null, "created_at": "2025-08-08T19:33:17.712164Z", "updated_at": "2025-08-08T19:33:17.712177Z", "concepts": 1, "mappings": 0, "translation": "Include latest concept \"DemoQueue-Service\" from openmrs/DemoQueueConcepts", "transform": null}, {"expression": "/orgs/openmrs/sources/DemoQueueConcepts/concepts/DemoQueue-Service-Triage/", "reference_type": "concepts", "id": 11622390, "last_resolved_at": "2025-08-08T19:33:17.691670Z", "uri": "/orgs/openmrs/collections/DemoQueueConcepts/4/references/11622390/", "uuid": "11622390", "include": true, "type": "CollectionReference", "code": "DemoQueue-Service-Triage", "resource_version": null, "namespace": null, "system": "/orgs/openmrs/sources/DemoQueueConcepts/", "version": null, "valueset": null, "cascade": null, "filter": null, "display": null, "created_at": "2025-08-08T19:33:17.693378Z", "updated_at": "2025-08-08T19:33:17.693392Z", "concepts": 1, "mappings": 0, "translation": "Include latest concept \"DemoQueue-Service-Triage\" from openmrs/DemoQueueConcepts", "transform": null}, {"expression": "/orgs/openmrs/sources/DemoQueueConcepts/mappings/2325286/", "reference_type": "mappings", "id": 11622389, "last_resolved_at": "2025-08-08T19:33:17.673577Z", "uri": "/orgs/openmrs/collections/DemoQueueConcepts/4/references/11622389/", "uuid": "11622389", "include": true, "type": "CollectionReference", "code": "2325286", "resource_version": null, "namespace": null, "system": "/orgs/openmrs/sources/DemoQueueConcepts/", "version": null, "valueset": null, "cascade": null, "filter": null, "display": null, "created_at": "2025-08-08T19:33:17.675433Z", "updated_at": "2025-08-08T19:33:17.675448Z", "concepts": 0, "mappings": 1, "translation": "Include latest mapping \"2325286\" from openmrs/DemoQueueConcepts", "transform": null}, {"expression": "/orgs/openmrs/sources/DemoQueueConcepts/mappings/2325282/", "reference_type": "mappings", "id": 11622388, "last_resolved_at": "2025-08-08T19:33:17.655023Z", "uri": "/orgs/openmrs/collections/DemoQueueConcepts/4/references/11622388/", "uuid": "11622388", "include": true, "type": "CollectionReference", "code": "2325282", "resource_version": null, "namespace": null, "system": "/orgs/openmrs/sources/DemoQueueConcepts/", "version": null, "valueset": null, "cascade": null, "filter": null, "display": null, "created_at": "2025-08-08T19:33:17.656824Z", "updated_at": "2025-08-08T19:33:17.656838Z", "concepts": 0, "mappings": 1, "translation": "Include latest mapping \"2325282\" from openmrs/DemoQueueConcepts", "transform": null}, {"expression": "/orgs/openmrs/sources/DemoQueueConcepts/mappings/2325284/", "reference_type": "mappings", "id": 11622387, "last_resolved_at": "2025-08-08T19:33:17.637211Z", "uri": "/orgs/openmrs/collections/DemoQueueConcepts/4/references/11622387/", "uuid": "11622387", "include": true, "type": "CollectionReference", "code": "2325284", "resource_version": null, "namespace": null, "system": "/orgs/openmrs/sources/DemoQueueConcepts/", "version": null, "valueset": null, "cascade": null, "filter": null, "display": null, "created_at": "2025-08-08T19:33:17.638924Z", "updated_at": "2025-08-08T19:33:17.638937Z", "concepts": 0, "mappings": 1, "translation": "Include latest mapping \"2325284\" from openmrs/DemoQueueConcepts", "transform": null}, {"expression": "/orgs/openmrs/sources/DemoQueueConcepts/mappings/2325294/", "reference_type": "mappings", "id": 11622386, "last_resolved_at": "2025-08-08T19:33:17.619875Z", "uri": "/orgs/openmrs/collections/DemoQueueConcepts/4/references/11622386/", "uuid": "11622386", "include": true, "type": "CollectionReference", "code": "2325294", "resource_version": null, "namespace": null, "system": "/orgs/openmrs/sources/DemoQueueConcepts/", "version": null, "valueset": null, "cascade": null, "filter": null, "display": null, "created_at": "2025-08-08T19:33:17.621512Z", "updated_at": "2025-08-08T19:33:17.621525Z", "concepts": 0, "mappings": 1, "translation": "Include latest mapping \"2325294\" from openmrs/DemoQueueConcepts", "transform": null}, {"expression": "/orgs/openmrs/sources/DemoQueueConcepts/mappings/2325292/", "reference_type": "mappings", "id": 11622385, "last_resolved_at": "2025-08-08T19:33:17.602208Z", "uri": "/orgs/openmrs/collections/DemoQueueConcepts/4/references/11622385/", "uuid": "11622385", "include": true, "type": "CollectionReference", "code": "2325292", "resource_version": null, "namespace": null, "system": "/orgs/openmrs/sources/DemoQueueConcepts/", "version": null, "valueset": null, "cascade": null, "filter": null, "display": null, "created_at": "2025-08-08T19:33:17.603873Z", "updated_at": "2025-08-08T19:33:17.603886Z", "concepts": 0, "mappings": 1, "translation": "Include latest mapping \"2325292\" from openmrs/DemoQueueConcepts", "transform": null}, {"expression": "/orgs/openmrs/sources/DemoQueueConcepts/mappings/2325296/", "reference_type": "mappings", "id": 11622384, "last_resolved_at": "2025-08-08T19:33:17.584026Z", "uri": "/orgs/openmrs/collections/DemoQueueConcepts/4/references/11622384/", "uuid": "11622384", "include": true, "type": "CollectionReference", "code": "2325296", "resource_version": null, "namespace": null, "system": "/orgs/openmrs/sources/DemoQueueConcepts/", "version": null, "valueset": null, "cascade": null, "filter": null, "display": null, "created_at": "2025-08-08T19:33:17.585800Z", "updated_at": "2025-08-08T19:33:17.585816Z", "concepts": 0, "mappings": 1, "translation": "Include latest mapping \"2325296\" from openmrs/DemoQueueConcepts", "transform": null}, {"expression": "/orgs/openmrs/sources/DemoQueueConcepts/mappings/8730884/", "reference_type": "mappings", "id": 11622383, "last_resolved_at": "2025-08-08T19:33:17.565656Z", "uri": "/orgs/openmrs/collections/DemoQueueConcepts/4/references/11622383/", "uuid": "11622383", "include": true, "type": "CollectionReference", "code": "8730884", "resource_version": null, "namespace": null, "system": "/orgs/openmrs/sources/DemoQueueConcepts/", "version": null, "valueset": null, "cascade": null, "filter": null, "display": null, "created_at": "2025-08-08T19:33:17.567385Z", "updated_at": "2025-08-08T19:33:17.567399Z", "concepts": 0, "mappings": 1, "translation": "Include latest mapping \"8730884\" from openmrs/DemoQueueConcepts", "transform": null}, {"expression": "/orgs/openmrs/sources/DemoQueueConcepts/mappings/2325290/", "reference_type": "mappings", "id": 11622382, "last_resolved_at": "2025-08-08T19:33:17.547227Z", "uri": "/orgs/openmrs/collections/DemoQueueConcepts/4/references/11622382/", "uuid": "11622382", "include": true, "type": "CollectionReference", "code": "2325290", "resource_version": null, "namespace": null, "system": "/orgs/openmrs/sources/DemoQueueConcepts/", "version": null, "valueset": null, "cascade": null, "filter": null, "display": null, "created_at": "2025-08-08T19:33:17.549040Z", "updated_at": "2025-08-08T19:33:17.549054Z", "concepts": 0, "mappings": 1, "translation": "Include latest mapping \"2325290\" from openmrs/DemoQueueConcepts", "transform": null}, {"expression": "/orgs/openmrs/sources/DemoQueueConcepts/mappings/2325288/", "reference_type": "mappings", "id": 11622381, "last_resolved_at": "2025-08-08T19:33:17.528619Z", "uri": "/orgs/openmrs/collections/DemoQueueConcepts/4/references/11622381/", "uuid": "11622381", "include": true, "type": "CollectionReference", "code": "2325288", "resource_version": null, "namespace": null, "system": "/orgs/openmrs/sources/DemoQueueConcepts/", "version": null, "valueset": null, "cascade": null, "filter": null, "display": null, "created_at": "2025-08-08T19:33:17.530372Z", "updated_at": "2025-08-08T19:33:17.530386Z", "concepts": 0, "mappings": 1, "translation": "Include latest mapping \"2325288\" from openmrs/DemoQueueConcepts", "transform": null}, {"expression": "/orgs/openmrs/sources/DemoQueueConcepts/mappings/2325296/2325297/", "reference_type": "mappings", "id": 11622380, "last_resolved_at": "2025-08-08T19:33:17.512145Z", "uri": "/orgs/openmrs/collections/DemoQueueConcepts/4/references/11622380/", "uuid": "11622380", "include": true, "type": "CollectionReference", "code": "2325296", "resource_version": "2325297", "namespace": null, "system": "/orgs/openmrs/sources/DemoQueueConcepts/", "version": null, "valueset": null, "cascade": null, "filter": null, "display": null, "created_at": "2025-08-08T19:33:17.512339Z", "updated_at": "2025-08-08T19:33:17.512351Z", "concepts": 0, "mappings": 1, "translation": "Include version \"2325297\" of mapping \"2325296\" from openmrs/DemoQueueConcepts", "transform": null}, {"expression": "/orgs/openmrs/sources/DemoQueueConcepts/mappings/2325294/2325295/", "reference_type": "mappings", "id": 11622379, "last_resolved_at": "2025-08-08T19:33:17.494869Z", "uri": "/orgs/openmrs/collections/DemoQueueConcepts/4/references/11622379/", "uuid": "11622379", "include": true, "type": "CollectionReference", "code": "2325294", "resource_version": "2325295", "namespace": null, "system": "/orgs/openmrs/sources/DemoQueueConcepts/", "version": null, "valueset": null, "cascade": null, "filter": null, "display": null, "created_at": "2025-08-08T19:33:17.495100Z", "updated_at": "2025-08-08T19:33:17.495113Z", "concepts": 0, "mappings": 1, "translation": "Include version \"2325295\" of mapping \"2325294\" from openmrs/DemoQueueConcepts", "transform": null}, {"expression": "/orgs/openmrs/sources/DemoQueueConcepts/mappings/2325292/2325293/", "reference_type": "mappings", "id": 11622378, "last_resolved_at": "2025-08-08T19:33:17.477870Z", "uri": "/orgs/openmrs/collections/DemoQueueConcepts/4/references/11622378/", "uuid": "11622378", "include": true, "type": "CollectionReference", "code": "2325292", "resource_version": "2325293", "namespace": null, "system": "/orgs/openmrs/sources/DemoQueueConcepts/", "version": null, "valueset": null, "cascade": null, "filter": null, "display": null, "created_at": "2025-08-08T19:33:17.478079Z", "updated_at": "2025-08-08T19:33:17.478092Z", "concepts": 0, "mappings": 1, "translation": "Include version \"2325293\" of mapping \"2325292\" from openmrs/DemoQueueConcepts", "transform": null}, {"expression": "/orgs/openmrs/sources/DemoQueueConcepts/mappings/2325282/2325283/", "reference_type": "mappings", "id": 11622377, "last_resolved_at": "2025-08-08T19:33:17.460389Z", "uri": "/orgs/openmrs/collections/DemoQueueConcepts/4/references/11622377/", "uuid": "11622377", "include": true, "type": "CollectionReference", "code": "2325282", "resource_version": "2325283", "namespace": null, "system": "/orgs/openmrs/sources/DemoQueueConcepts/", "version": null, "valueset": null, "cascade": null, "filter": null, "display": null, "created_at": "2025-08-08T19:33:17.460623Z", "updated_at": "2025-08-08T19:33:17.460636Z", "concepts": 0, "mappings": 1, "translation": "Include version \"2325283\" of mapping \"2325282\" from openmrs/DemoQueueConcepts", "transform": null}, {"expression": "/orgs/openmrs/sources/DemoQueueConcepts/mappings/2325286/2325287/", "reference_type": "mappings", "id": 11622376, "last_resolved_at": "2025-08-08T19:33:17.443038Z", "uri": "/orgs/openmrs/collections/DemoQueueConcepts/4/references/11622376/", "uuid": "11622376", "include": true, "type": "CollectionReference", "code": "2325286", "resource_version": "2325287", "namespace": null, "system": "/orgs/openmrs/sources/DemoQueueConcepts/", "version": null, "valueset": null, "cascade": null, "filter": null, "display": null, "created_at": "2025-08-08T19:33:17.443246Z", "updated_at": "2025-08-08T19:33:17.443261Z", "concepts": 0, "mappings": 1, "translation": "Include version \"2325287\" of mapping \"2325286\" from openmrs/DemoQueueConcepts", "transform": null}, {"expression": "/orgs/openmrs/sources/DemoQueueConcepts/mappings/2325284/2325285/", "reference_type": "mappings", "id": 11622375, "last_resolved_at": "2025-08-08T19:33:17.424675Z", "uri": "/orgs/openmrs/collections/DemoQueueConcepts/4/references/11622375/", "uuid": "11622375", "include": true, "type": "CollectionReference", "code": "2325284", "resource_version": "2325285", "namespace": null, "system": "/orgs/openmrs/sources/DemoQueueConcepts/", "version": null, "valueset": null, "cascade": null, "filter": null, "display": null, "created_at": "2025-08-08T19:33:17.424893Z", "updated_at": "2025-08-08T19:33:17.424904Z", "concepts": 0, "mappings": 1, "translation": "Include version \"2325285\" of mapping \"2325284\" from openmrs/DemoQueueConcepts", "transform": null}], "mappings": [{"extras": {}, "checksums": {"smart": "852a4908defa103b27ac94390894d264", "standard": "a077a46db285c7f02420920425251af8"}, "external_id": null, "retired": false, "map_type": "CONCEPT-SET", "source": "DemoQueueConcepts", "owner": "openmrs", "owner_type": "Organization", "from_concept_code": "DemoQueue-Service", "from_concept_name": null, "from_concept_url": "/orgs/openmrs/sources/DemoQueueConcepts/concepts/DemoQueue-Service/", "to_concept_code": "DemoQueue-Service-ClinicalConsultation", "to_concept_name": null, "to_concept_url": "/orgs/openmrs/sources/DemoQueueConcepts/concepts/DemoQueue-Service-ClinicalConsultation/", "from_source_owner": "openmrs", "from_source_owner_type": "Organization", "from_source_url": "/orgs/openmrs/sources/DemoQueueConcepts/", "from_source_name": "DemoQueueConcepts", "to_source_owner": "openmrs", "to_source_owner_type": "Organization", "to_source_url": "/orgs/openmrs/sources/DemoQueueConcepts/", "to_source_name": "DemoQueueConcepts", "url": "/orgs/openmrs/sources/DemoQueueConcepts/mappings/8730884/", "version": "8730885", "id": "8730884", "versioned_object_id": 8730884, "versioned_object_url": "/orgs/openmrs/sources/DemoQueueConcepts/mappings/8730884/", "is_latest_version": true, "update_comment": null, "version_url": "/orgs/openmrs/sources/DemoQueueConcepts/mappings/8730884/8730885/", "uuid": "8730885", "version_created_on": "2024-10-17T08:26:07.454968Z", "from_source_version": null, "to_source_version": null, "from_concept_name_resolved": "Service", "to_concept_name_resolved": "Clinical Consult", "type": "Mapping", "sort_weight": null, "version_updated_on": "2024-10-17T08:26:07.465784Z", "version_updated_by": "wamathaga", "latest_source_version": "2", "created_on": "2024-10-17T08:26:07.454968Z", "updated_on": "2024-10-17T08:26:07.465784Z", "created_by": "wamathaga", "updated_by": "wamathaga", "public_can_view": true}, {"extras": {}, "checksums": {"smart": "809a807daa8729455ff9a6a76c3f5621", "standard": "b04e1ebd0b549505453965462436b7f4"}, "external_id": "86f25677-81ab-4e40-9ca8-fe3272a6ba11", "retired": false, "map_type": "CONCEPT-SET", "source": "DemoQueueConcepts", "owner": "openmrs", "owner_type": "Organization", "from_concept_code": "DemoQueue-Status", "from_concept_name": null, "from_concept_url": "/orgs/openmrs/sources/DemoQueueConcepts/concepts/DemoQueue-Status/", "to_concept_code": "DemoQueue-Status-FinishedService", "to_concept_name": "Finished Service", "to_concept_url": "/orgs/openmrs/sources/DemoQueueConcepts/concepts/DemoQueue-Status-FinishedService/", "from_source_owner": "openmrs", "from_source_owner_type": "Organization", "from_source_url": "/orgs/openmrs/sources/DemoQueueConcepts/", "from_source_name": "DemoQueueConcepts", "to_source_owner": "openmrs", "to_source_owner_type": "Organization", "to_source_url": "/orgs/openmrs/sources/DemoQueueConcepts/", "to_source_name": "DemoQueueConcepts", "url": "/orgs/openmrs/sources/DemoQueueConcepts/mappings/2325296/", "version": "7276378", "id": "2325296", "versioned_object_id": 2325296, "versioned_object_url": "/orgs/openmrs/sources/DemoQueueConcepts/mappings/2325296/", "is_latest_version": true, "update_comment": null, "version_url": "/orgs/openmrs/sources/DemoQueueConcepts/mappings/2325296/7276378/", "uuid": "7276378", "version_created_on": "2024-03-28T18:48:24.767589Z", "from_source_version": null, "to_source_version": null, "from_concept_name_resolved": "Status", "to_concept_name_resolved": "Finished Service", "type": "Mapping", "sort_weight": 2.0, "version_updated_on": "2024-03-28T18:48:24.772264Z", "version_updated_by": "gpotma", "latest_source_version": "2", "created_on": "2024-03-28T18:48:24.767589Z", "updated_on": "2024-03-28T18:48:24.772264Z", "created_by": "gpotma", "updated_by": "gpotma", "public_can_view": true}, {"extras": {}, "checksums": {"smart": "53c219bbb8755d573c481d5ce1d5dac5", "standard": "5c0febeb2122b70283a93a62839a180f"}, "external_id": "9b9795c7-bfed-4f1c-be30-6ca801887222", "retired": false, "map_type": "CONCEPT-SET", "source": "DemoQueueConcepts", "owner": "openmrs", "owner_type": "Organization", "from_concept_code": "DemoQueue-Status", "from_concept_name": null, "from_concept_url": "/orgs/openmrs/sources/DemoQueueConcepts/concepts/DemoQueue-Status/", "to_concept_code": "DemoQueue-Status-InService", "to_concept_name": "In Service", "to_concept_url": "/orgs/openmrs/sources/DemoQueueConcepts/concepts/DemoQueue-Status-InService/", "from_source_owner": "openmrs", "from_source_owner_type": "Organization", "from_source_url": "/orgs/openmrs/sources/DemoQueueConcepts/", "from_source_name": "DemoQueueConcepts", "to_source_owner": "openmrs", "to_source_owner_type": "Organization", "to_source_url": "/orgs/openmrs/sources/DemoQueueConcepts/", "to_source_name": "DemoQueueConcepts", "url": "/orgs/openmrs/sources/DemoQueueConcepts/mappings/2325294/", "version": "2325295", "id": "2325294", "versioned_object_id": 2325294, "versioned_object_url": "/orgs/openmrs/sources/DemoQueueConcepts/mappings/2325294/", "is_latest_version": false, "update_comment": null, "version_url": "/orgs/openmrs/sources/DemoQueueConcepts/mappings/2325294/2325295/", "uuid": "2325295", "version_created_on": "2022-03-01T05:23:08.331026Z", "from_source_version": null, "to_source_version": null, "from_concept_name_resolved": "Status", "to_concept_name_resolved": "In Service", "type": "Mapping", "sort_weight": null, "version_updated_on": "2022-03-01T05:23:08.341853Z", "version_updated_by": "ocladmin", "latest_source_version": null, "created_on": "2022-03-01T05:23:08.331026Z", "updated_on": "2022-03-01T05:23:08.341853Z", "created_by": "ocladmin", "updated_by": "ocladmin", "public_can_view": true}, {"extras": {}, "checksums": {"smart": "5a0e3a9d75a472f02c39bbb26728eb7c", "standard": "987a6143b3c1da5657e7047f6b346333"}, "external_id": "be8f06e7-0728-4f17-9f70-14cbf001f9c7", "retired": false, "map_type": "CONCEPT-SET", "source": "DemoQueueConcepts", "owner": "openmrs", "owner_type": "Organization", "from_concept_code": "DemoQueue-Status", "from_concept_name": null, "from_concept_url": "/orgs/openmrs/sources/DemoQueueConcepts/concepts/DemoQueue-Status/", "to_concept_code": "DemoQueue-Status-Waiting", "to_concept_name": "Waiting", "to_concept_url": "/orgs/openmrs/sources/DemoQueueConcepts/concepts/DemoQueue-Status-Waiting/", "from_source_owner": "openmrs", "from_source_owner_type": "Organization", "from_source_url": "/orgs/openmrs/sources/DemoQueueConcepts/", "from_source_name": "DemoQueueConcepts", "to_source_owner": "openmrs", "to_source_owner_type": "Organization", "to_source_url": "/orgs/openmrs/sources/DemoQueueConcepts/", "to_source_name": "DemoQueueConcepts", "url": "/orgs/openmrs/sources/DemoQueueConcepts/mappings/2325292/", "version": "2325293", "id": "2325292", "versioned_object_id": 2325292, "versioned_object_url": "/orgs/openmrs/sources/DemoQueueConcepts/mappings/2325292/", "is_latest_version": false, "update_comment": null, "version_url": "/orgs/openmrs/sources/DemoQueueConcepts/mappings/2325292/2325293/", "uuid": "2325293", "version_created_on": "2022-03-01T05:23:07.952518Z", "from_source_version": null, "to_source_version": null, "from_concept_name_resolved": "Status", "to_concept_name_resolved": "Waiting", "type": "Mapping", "sort_weight": null, "version_updated_on": "2022-03-01T05:23:07.973848Z", "version_updated_by": "ocladmin", "latest_source_version": null, "created_on": "2022-03-01T05:23:07.952518Z", "updated_on": "2022-03-01T05:23:07.973848Z", "created_by": "ocladmin", "updated_by": "ocladmin", "public_can_view": true}, {"extras": {}, "checksums": {"smart": "18ff5361da6a2aa1ed2e7fcde1565522", "standard": "b16758e4371f004ab618b57b7224847b"}, "external_id": "6b100fd4-3f06-47d9-bdf6-862d5d76a2f2", "retired": false, "map_type": "CONCEPT-SET", "source": "DemoQueueConcepts", "owner": "openmrs", "owner_type": "Organization", "from_concept_code": "DemoQueue-Service", "from_concept_name": null, "from_concept_url": "/orgs/openmrs/sources/DemoQueueConcepts/concepts/DemoQueue-Service/", "to_concept_code": "DemoQueue-Service-ClinicalConsultation", "to_concept_name": "Clinical Consultation", "to_concept_url": "/orgs/openmrs/sources/DemoQueueConcepts/concepts/DemoQueue-Service-ClinicalConsultation/", "from_source_owner": "openmrs", "from_source_owner_type": "Organization", "from_source_url": "/orgs/openmrs/sources/DemoQueueConcepts/", "from_source_name": "DemoQueueConcepts", "to_source_owner": "openmrs", "to_source_owner_type": "Organization", "to_source_url": "/orgs/openmrs/sources/DemoQueueConcepts/", "to_source_name": "DemoQueueConcepts", "url": "/orgs/openmrs/sources/DemoQueueConcepts/mappings/2325290/", "version": "2325291", "id": "2325290", "versioned_object_id": 2325290, "versioned_object_url": "/orgs/openmrs/sources/DemoQueueConcepts/mappings/2325290/", "is_latest_version": false, "update_comment": null, "version_url": "/orgs/openmrs/sources/DemoQueueConcepts/mappings/2325290/2325291/", "uuid": "2325291", "version_created_on": "2022-03-01T05:20:14.322833Z", "from_source_version": null, "to_source_version": null, "from_concept_name_resolved": "Service", "to_concept_name_resolved": "Clinical Consult", "type": "Mapping", "sort_weight": null, "version_updated_on": "2022-03-01T05:20:14.334001Z", "version_updated_by": "ocladmin", "latest_source_version": null, "created_on": "2022-03-01T05:20:14.322833Z", "updated_on": "2022-03-01T05:20:14.334001Z", "created_by": "ocladmin", "updated_by": "ocladmin", "public_can_view": true}, {"extras": {}, "checksums": {"smart": "8e0620dff2c5d877ac457fa774746589", "standard": "8b38c431810133244ccce161f32aa8fd"}, "external_id": "571ed5ef-f779-4ae1-a984-f0174a0a5992", "retired": false, "map_type": "CONCEPT-SET", "source": "DemoQueueConcepts", "owner": "openmrs", "owner_type": "Organization", "from_concept_code": "DemoQueue-Service", "from_concept_name": null, "from_concept_url": "/orgs/openmrs/sources/DemoQueueConcepts/concepts/DemoQueue-Service/", "to_concept_code": "DemoQueue-Service-Triage", "to_concept_name": "Triage", "to_concept_url": "/orgs/openmrs/sources/DemoQueueConcepts/concepts/DemoQueue-Service-Triage/", "from_source_owner": "openmrs", "from_source_owner_type": "Organization", "from_source_url": "/orgs/openmrs/sources/DemoQueueConcepts/", "from_source_name": "DemoQueueConcepts", "to_source_owner": "openmrs", "to_source_owner_type": "Organization", "to_source_url": "/orgs/openmrs/sources/DemoQueueConcepts/", "to_source_name": "DemoQueueConcepts", "url": "/orgs/openmrs/sources/DemoQueueConcepts/mappings/2325288/", "version": "2325289", "id": "2325288", "versioned_object_id": 2325288, "versioned_object_url": "/orgs/openmrs/sources/DemoQueueConcepts/mappings/2325288/", "is_latest_version": true, "update_comment": null, "version_url": "/orgs/openmrs/sources/DemoQueueConcepts/mappings/2325288/2325289/", "uuid": "2325289", "version_created_on": "2022-03-01T05:20:13.878448Z", "from_source_version": null, "to_source_version": null, "from_concept_name_resolved": "Service", "to_concept_name_resolved": "Triage", "type": "Mapping", "sort_weight": null, "version_updated_on": "2022-03-01T05:20:13.896901Z", "version_updated_by": "ocladmin", "latest_source_version": "2", "created_on": "2022-03-01T05:20:13.878448Z", "updated_on": "2022-03-01T05:20:13.896901Z", "created_by": "ocladmin", "updated_by": "ocladmin", "public_can_view": true}, {"extras": {}, "checksums": {"smart": "6e6ff3032a95ff64834cef04c2ce7589", "standard": "c581371a9425b144775a3657d76a1c1f"}, "external_id": "f9941bb4-3077-43a6-8e71-b60784f50b8b", "retired": false, "map_type": "CONCEPT-SET", "source": "DemoQueueConcepts", "owner": "openmrs", "owner_type": "Organization", "from_concept_code": "DemoQueue-Priority", "from_concept_name": null, "from_concept_url": "/orgs/openmrs/sources/DemoQueueConcepts/concepts/DemoQueue-Priority/", "to_concept_code": "DemoQueue-Priority-NotUrgent", "to_concept_name": "Not Urgent", "to_concept_url": "/orgs/openmrs/sources/DemoQueueConcepts/concepts/DemoQueue-Priority-NotUrgent/", "from_source_owner": "openmrs", "from_source_owner_type": "Organization", "from_source_url": "/orgs/openmrs/sources/DemoQueueConcepts/", "from_source_name": "DemoQueueConcepts", "to_source_owner": "openmrs", "to_source_owner_type": "Organization", "to_source_url": "/orgs/openmrs/sources/DemoQueueConcepts/", "to_source_name": "DemoQueueConcepts", "url": "/orgs/openmrs/sources/DemoQueueConcepts/mappings/2325286/", "version": "2325287", "id": "2325286", "versioned_object_id": 2325286, "versioned_object_url": "/orgs/openmrs/sources/DemoQueueConcepts/mappings/2325286/", "is_latest_version": true, "update_comment": null, "version_url": "/orgs/openmrs/sources/DemoQueueConcepts/mappings/2325286/2325287/", "uuid": "2325287", "version_created_on": "2022-03-01T05:18:05.450777Z", "from_source_version": null, "to_source_version": null, "from_concept_name_resolved": "Priority", "to_concept_name_resolved": "Not Urgent", "type": "Mapping", "sort_weight": null, "version_updated_on": "2022-03-01T05:18:05.460300Z", "version_updated_by": "ocladmin", "latest_source_version": "2", "created_on": "2022-03-01T05:18:05.450777Z", "updated_on": "2022-03-01T05:18:05.460300Z", "created_by": "ocladmin", "updated_by": "ocladmin", "public_can_view": true}, {"extras": {}, "checksums": {"smart": "7394fdccc244d123d0ef8e7cc0ef6010", "standard": "c834d9ab94cd5178871c906859ff9e8f"}, "external_id": "66f1f065-7568-4100-9a00-edc50644fe31", "retired": false, "map_type": "CONCEPT-SET", "source": "DemoQueueConcepts", "owner": "openmrs", "owner_type": "Organization", "from_concept_code": "DemoQueue-Priority", "from_concept_name": null, "from_concept_url": "/orgs/openmrs/sources/DemoQueueConcepts/concepts/DemoQueue-Priority/", "to_concept_code": "DemoQueue-Priority-Urgent", "to_concept_name": "Urgent", "to_concept_url": "/orgs/openmrs/sources/DemoQueueConcepts/concepts/DemoQueue-Priority-Urgent/", "from_source_owner": "openmrs", "from_source_owner_type": "Organization", "from_source_url": "/orgs/openmrs/sources/DemoQueueConcepts/", "from_source_name": "DemoQueueConcepts", "to_source_owner": "openmrs", "to_source_owner_type": "Organization", "to_source_url": "/orgs/openmrs/sources/DemoQueueConcepts/", "to_source_name": "DemoQueueConcepts", "url": "/orgs/openmrs/sources/DemoQueueConcepts/mappings/2325284/", "version": "2325285", "id": "2325284", "versioned_object_id": 2325284, "versioned_object_url": "/orgs/openmrs/sources/DemoQueueConcepts/mappings/2325284/", "is_latest_version": true, "update_comment": null, "version_url": "/orgs/openmrs/sources/DemoQueueConcepts/mappings/2325284/2325285/", "uuid": "2325285", "version_created_on": "2022-03-01T05:18:05.013603Z", "from_source_version": null, "to_source_version": null, "from_concept_name_resolved": "Priority", "to_concept_name_resolved": "Urgent", "type": "Mapping", "sort_weight": null, "version_updated_on": "2022-03-01T05:18:05.032282Z", "version_updated_by": "ocladmin", "latest_source_version": "2", "created_on": "2022-03-01T05:18:05.013603Z", "updated_on": "2022-03-01T05:18:05.032282Z", "created_by": "ocladmin", "updated_by": "ocladmin", "public_can_view": true}, {"extras": {}, "checksums": {"smart": "727d0f8f6ba9e8eec8e05d2ad960baae", "standard": "9fedcad30b5347de273cb86f57e73ffb"}, "external_id": "ae1f159b-f1a6-4960-823b-951b674fe7fc", "retired": false, "map_type": "CONCEPT-SET", "source": "DemoQueueConcepts", "owner": "openmrs", "owner_type": "Organization", "from_concept_code": "DemoQueue-Priority", "from_concept_name": null, "from_concept_url": "/orgs/openmrs/sources/DemoQueueConcepts/concepts/DemoQueue-Priority/", "to_concept_code": "DemoQueue-Priority-Emergency", "to_concept_name": "Emergency", "to_concept_url": "/orgs/openmrs/sources/DemoQueueConcepts/concepts/DemoQueue-Priority-Emergency/", "from_source_owner": "openmrs", "from_source_owner_type": "Organization", "from_source_url": "/orgs/openmrs/sources/DemoQueueConcepts/", "from_source_name": "DemoQueueConcepts", "to_source_owner": "openmrs", "to_source_owner_type": "Organization", "to_source_url": "/orgs/openmrs/sources/DemoQueueConcepts/", "to_source_name": "DemoQueueConcepts", "url": "/orgs/openmrs/sources/DemoQueueConcepts/mappings/2325282/", "version": "2325283", "id": "2325282", "versioned_object_id": 2325282, "versioned_object_url": "/orgs/openmrs/sources/DemoQueueConcepts/mappings/2325282/", "is_latest_version": true, "update_comment": null, "version_url": "/orgs/openmrs/sources/DemoQueueConcepts/mappings/2325282/2325283/", "uuid": "2325283", "version_created_on": "2022-03-01T05:18:04.626129Z", "from_source_version": null, "to_source_version": null, "from_concept_name_resolved": "Priority", "to_concept_name_resolved": "Emergency", "type": "Mapping", "sort_weight": null, "version_updated_on": "2022-03-01T05:18:04.639815Z", "version_updated_by": "ocladmin", "latest_source_version": "2", "created_on": "2022-03-01T05:18:04.626129Z", "updated_on": "2022-03-01T05:18:04.639815Z", "created_by": "ocladmin", "updated_by": "ocladmin", "public_can_view": true}], "export_time": "7.88secs"}