id,lst_price
init.4e7c3002-3506-4fbf-a400-e3445b06422e,20000
init.c16b734f-8ddc-44b9-a0c5-f00c9b198d43,40000
init.09ca9876-74a1-4083-ad93-4346c7437f8a,6500
init.c447ae6b-5e77-47f0-bc44-3d156da9ac0e,15000
init.e3dadcf4-2687-4f4f-8fa6-edef24e759cc,13000
init.7bce8a61-b850-4488-9217-089b71f5c5b6,20000
init.b95a9df1-4189-41d9-8e9a-9aeaaa7067d4,20000
init.235ac1e3-d040-46d0-95de-130bd0b72181,25000
init.8f7f6f05-1cf2-42c9-a1e4-a864b1b6c4f9,25000
init.65589ff5-f7a5-43f8-b3ba-b2f077eb95e6,6000
init.c25dfd4e-5a06-4b0d-864d-e4cedb88e702,6000
init.f869f9c9-e5ec-4ebe-ba84-c6190b6bc286,50000
init.2c6ea64a-eac8-4f91-9722-e96e1d1a74f4,30000
init.f1baad6d-6727-4964-bb06-610a020e55dd,5000
init.c0e83d65-0ae1-4c1c-af36-12b4504406f0,13000
init.2abdaf7a-777a-4585-9fd4-7ce8c4dc0d67,6500
init.523e2dc1-d0fe-4dbd-ab33-daf0c09bee4a,13000
init.fe4a677c-e291-4b92-a664-01aff55dc547,60000
init.a9e52d34-3dc7-46c6-84a5-0db65faefaf6,13000
init.44d809cb-b920-4ced-b056-fe5a5d1e5bf6,13000
init.1136480a-fc32-4656-b709-aeb7864410cc,13000
init.5d803731-7e02-4e56-919d-5352da204ce3,45000
init.3fca61c5-2649-4bae-a302-4cf216f5a2cc,16000
init.bbab6fa6-69bc-45f4-8a43-677883bee6be,16000
init.27a280c7-5754-49a6-99a9-915608ee8f58,5000
init.5544c640-f0ae-4091-8666-ccf428a8efe6,100000
init.aa7444e6-3919-4326-8f4a-cdbd63066d69,50000
init.c5dc62a4-9562-476a-a2a5-3d203592cdc1,60000
init.837a36f5-ce8e-47d0-a2c8-c8b0ac5607de,65000
init.24ec82a3-01c3-4a67-8cda-82792cbdcfdc,20000
init.cb30ecf9-ebca-48b3-b3b5-827d7cffcaa4,40000
init.fd1f01e5-f5ef-4a3d-b0e8-f4557c871b6c,60000
init.12d778e5-c1b5-400c-80bf-d34b0f673c77,30000
init.41f8ce27-2ca4-4ae9-b4f9-5c94ac58a208,400000
init.1f79013c-4364-4ae7-90c7-80e187b44b64,400000
init.516b8b79-478c-4681-bdd0-c96bd4be72f6,300000
init.5db870eb-81ef-4e2f-a943-dc1d839c8c40,400000
init.99c9b504-396a-4974-8cad-7434bd894096,400000
init.8155e2e0-5b62-42bc-b47c-0702aaafe3df,20000
init.7167ee9a-a168-485c-adfb-5f0134eb0115,20000
init.69503b4c-742f-40a0-aa6d-b15fb8402d2f,50000
init.2f9d74fd-9c74-4102-b03b-07abe135b658,70000
init.f02b10b9-5b30-405a-a40a-a551dd22a99e,250000
init.86a76e88-fde2-4bc8-9da1-80064bf35fbb,750000
init.880cac40-3cb0-42ea-9f9e-5b0b8908e462,900000
init.22a502a3-22d6-46d2-9a54-f3cb508bbf4c,350000
init.cadf1572-16c6-45e0-a3b3-557d0f85e595,20000
init.4330ef37-555b-4765-b5bc-da33122c18f5,350000
init.8308f4c3-65d1-4f23-9b38-1646ef5489b6,3000
init.02bb1e9b-e572-4534-aba7-b1989c6ed0ac,4000
init.a189076c-faf8-43d3-b841-952aa772e36e,10000
init.aab419e1-c879-488d-998b-4f9039b3d28b,20000
init.568c5926-9285-4d2e-ad63-8456e857eb46,1000000
init.07cd0fa0-3473-4d2a-ba46-34fe35a36509,500000
init.fbcf2670-51d8-4481-8e25-a940a59a56f6,300000
init.7a30a90d-b17b-4484-b4f7-a6666bb23bf6,20000
init.e3dea2c8-62c6-4487-bdaa-1d009642f7ad,20000
init.82e7d36c-078d-40c6-9854-92b376099307,20000
init.b25dcc00-800f-48ac-b31a-f1e9cc53d787,100000
init.40ab1a07-7d1c-4167-aa36-c597ecc7f54e,20000
init.c99ec41d-30d3-40e3-bbaa-2237bc656404,20000
init.addae1d8-baa2-459c-b869-e98f0303a688,20000
init.e4b471d9-81d6-48c4-8b97-20fdeeeac280,25000
init.1bd135e8-d15c-45b4-9bc2-a232f5358912,25000
init.bb1b2daf-584c-4bb6-8de2-aa678c7231fa,20000
init.41d7e98f-d485-4d27-81fc-70d44e9d6e1d,20000
init.c95e8fa1-b395-4042-9513-d8f33fb81a05,20000
init.740f0b00-3c24-4c86-b95b-b5c6a7208625,20000
init.dac7eb20-d3af-4097-a399-2b1a9f3e0ae4,20000
init.c82d4492-308d-455d-9bf9-360c3a086743,20000
init.e6d7bca3-cb2f-4926-bfbc-f89e90d573cd,20000
init.1cb9c9f6-d3ad-42db-b38e-9cefa0b258fe,20000
init.30cdefe7-775b-4302-b165-f2540fa207da,25000
init.245e29a4-82de-4662-b176-92c768e49118,20000
init.036a3e47-1e28-448c-a928-a267fe04e42d,25000
init.52f9af2d-0692-43cf-b0d7-5e2cb8657800,30000
init.3765eebc-1324-4555-99c8-2b9324d5a185,20000
init.bc52d033-8df5-466b-abf9-e0679b42c043,25000
init.e309ea51-86cd-4a83-883b-d5f8654e6627,20000
init.ba2a2d62-8220-45a7-9302-9092c48a363d,20000
init.f1d8a52b-c61b-41f5-82f7-ed5cea982932,4000
init.0c6e5f9a-75cf-444c-9415-6c2ac870392c,25000
init.97589f4b-8bf9-4342-b24f-605d359ce932,20000
init.bdd5be47-fc95-4ae3-9319-a8283eeead6a,20000
init.503f389c-adb2-45e6-ac1f-c4722e209380,1400
init.f757c47e-ba33-49c8-b480-86b833d7fe2c,500
init.b4c1e2f0-d7ca-48a1-ac23-df85d30344be,55000
init.c76c5115-afe7-425f-9e97-d2c8bb6c32dd,200
init.1a22d90c-8bf4-45ad-b141-a68cfe976496,200
init.cfef94fa-ba16-4c1f-b564-30f56d4cddb8,200
init.29260dcc-9dcd-4315-b5ed-bdfe6792706f,200
init.deca7191-b059-4ca7-96bf-d1f4fd464566,5000
init.385415b2-8acb-4059-9f41-fc80cdb28536,5000
init.ad76c82c-7f96-4dbc-905a-163a75aa0be8,14000
init.66e2e474-83d0-47d4-9bad-e3f7edbc84d3,3300
init.e33c1482-84d4-4ce6-ac44-7944bda93fcb,20500
init.65b267cb-b6cc-4d8b-8932-ae92c4d8f678,1525
init.29349546-a004-43b0-a20c-6f23748481ac,1166.67
init.8b2f8b7c-0015-400b-aa9e-82ffd91cf518,1500
init.08a8b7d6-a547-4fdc-829d-5102b17fbe13,339.29
init.f9adb25d-d3b0-4729-8f8c-1d59e46d7c2a,15500
init.a486aafd-0805-49a7-82ec-16e77522309d,12500
init.fc31500c-117d-4d85-bad3-b7e2214ecb3b,5000
init.a4f28d5c-69fb-4a86-8f5c-6df7ad5f382c,91000
init.8d52b68f-c7ad-40bc-b6aa-e6b31c7e6f8f,34500
init.eac394c4-9c20-4620-86fc-73c5fac60b2c,3150
init.d9845548-478b-4bee-ac4c-3613f5e770b7,12500
init.2d6e1e33-dc05-4dc8-8a60-7beb344a97cd,100
init.28bc265a-f73b-4a3f-983c-4f51967446bc,35000
init.8b97d618-af96-46a9-aa37-24f599cebcf4,200
init.b73dae17-d783-4405-aaf9-386d115b4bee,1500
init.5d8aca5a-b9ad-4a24-86a3-c232aa6c74c1,1500
init.dd3959bc-7671-4e15-a2b5-ed12ecbc154b,4500
init.6448b20c-b21a-4d78-92f5-8f99c3c07af6,14000
init.d2ebc592-3ebe-4a44-b374-32c82745069e,24500
init.d6d47995-7dcd-405c-980a-0a7b912095b4,14000
init.50edd29c-2e36-4a1a-97e8-ba0dc656aee0,6500
init.1465c189-a180-45aa-baef-92e784200d65,200
init.ced4e98f-6415-400a-a24e-01e0338c5361,14000
init.e818c162-80be-4e94-9fae-d40b06e3320a,1875
init.ec04e363-90df-4c57-ae28-1eec17516458,31000
init.7e5698a1-a926-4a2f-ab28-47c413c5a4b8,14000
init.86ee5756-be99-4cf1-bd07-64ae58072376,833.34
init.18f38708-0f59-442a-b545-4a767e901534,7000
init.fe72403a-4b29-4673-babd-23b7e464e9b1,9500
init.baa197ef-bbdd-4c73-844a-9b2282d19722,7000
init.5b49f421-fdc2-4ff8-b688-6cf912c34236,450
init.331aa9d0-83cb-4206-a49e-f20bd09f4566,6000
init.93c9b10e-bcf8-458b-934a-a6ca52b406c9,700
init.117f5875-d314-400d-bf53-c209ed67665b,7000
init.b0e044fb-8a54-4d16-9fc3-502c11b22c2c,200
init.d8c00222-7d85-465a-89bf-38108d4b449e,15500
init.241df482-d756-404b-987c-4a080ac53c73,3500
init.a7509e1d-cf0d-4563-91e7-ed80f49cb8d8,1400
init.aba85f83-6de3-41f0-a090-3ffd43cab6d3,28000
init.ee7f0744-9fcc-47d1-99b2-8b97860c6b79,100
init.3a771f35-d1d8-440c-b669-acacab0d80b6,20000
init.4a89fb08-6005-4be1-9f97-a4ec5c220dda,4500
init.1da6a789-fff0-4ae2-926f-5a9cb3795311,100
init.c4a86f97-688f-478c-942e-97afa0ca2d54,4200
init.3b85aa25-336d-46c4-aa4d-83d4352a10d1,2000
init.d9fb690b-f0ba-4832-bb1e-db8386eba6cb,3000
init.7f5ac2b5-ae07-4c71-a593-0572457b69d6,9000
init.84a8d85e-9155-470c-912b-ae78dd9fbe4e,1000
init.417409ab-a1b9-4e6a-adc9-43ba912aaea4,100
init.b6feb15b-fa78-4081-84a3-41a88f6da77a,2800
init.467e3a06-d69c-4e99-b4fa-47bde075dcc0,20000
init.5a28fdbd-84fb-45cb-9b3f-a9c6a99665cf,15000
init.aa137571-94a8-41f2-95a0-046aa944c577,17000
init.fa4d9028-0c55-4617-8816-34c2162a4a65,15000
init.6d2e2e3e-80e0-4381-9989-35430b318df4,13000
init.200cf098-d019-47f1-865f-7ec9099d49be,41500
init.90c3a1be-2bd0-4e56-93d1-06d99b1caebe,1000
init.7c3c04ae-668f-4526-89a9-a435bbcb71b8,4500
init.5c6775e6-1a75-47ff-9da4-a9ff718ae3f0,600
init.edb36207-2e2c-4e56-b8f4-199b130445c8,140000
init.044104bd-2b9c-443e-805c-4a96ddaddb65,50
init.21da225a-7dd3-4dd8-aa79-ee99b033c4ef,14000
init.3cc8ca86-64b1-4b39-bbd2-0a64197d70ce,2000
init.c2ad3349-a436-4aff-880f-62054bff5590,150
init.c1465fc9-88a4-43bd-abc9-04124e1525e6,100
init.7dfe0e76-dc6b-40ff-86ff-9302d9d64a59,49000
init.c933087b-291a-4011-8681-f93d1e04325f,49000
init.4dd363d1-b503-4ce3-ad9b-d5dc0710236e,2000
init.c72a6b80-8c81-4450-b02e-87d8b4cdae46,1750
init.8269fc83-d6e1-4c20-90f6-41335b6c6234,28000
init.ec4b3fff-3f65-4b9c-9440-ce99f4b60eaa,12500
init.0539c860-2b7d-4479-aae9-b4442e69c4a5,15000
init.7c53c3c8-3922-494c-ba25-6527036a44d3,900
init.c045fba5-5f0f-4fe6-8c5a-3427e867748f,17000
init.0997eb53-4d78-420c-a96f-b8e1980ce119,115
init.ccb9c05d-c875-427e-807a-9821f472564d,5000
init.a265ea14-249b-49de-9f2a-109c132be1e0,15000
init.82353324-f33b-4d6e-99be-973a39d89829,65000
init.445330a6-fb94-498a-9dd4-d3f0cb80171d,45000
init.04751b87-aaaf-4978-82db-03092eaa24fe,80000
init.e04d45ae-faeb-4134-bdc5-42bc2100356a,45000
init.217cbdf8-1cf3-4ecb-826a-cd018162d2ed,7000
init.1dc2913c-616f-4376-acbd-693a22608331,12500
init.26f6a1df-da4b-4dc2-be29-866c829a54a9,150
init.bd3c56b5-85b3-4e33-9b37-b9618486c2c2,5000
init.473946b5-7a58-4f78-a3db-72eb6eac57e2,3500
init.6c9e1d28-2d72-4045-988a-077927ef7d88,1000
init.86974a5d-5c7f-44ef-b72a-cb78ff943894,16500
init.583a431d-98eb-455f-8e3e-9fb898a5d2be,150
init.6e4eab20-6ce8-4d37-8872-a4ff5280528d,2500
init.e9fbedf1-95fb-4b32-bf51-389b35c6c6ee,2500
init.07ddeb9c-1029-4ee0-a5ca-08d7db2e409b,150
init.9737a51c-6b51-43fb-bf8d-5d4960a189e9,5000
init.96bd46b0-daaa-49f5-bca3-0a9d44d1c8cd,55000
init.572b05a5-b9c4-48b1-9529-35dfebb8d366,10000
init.47046f78-6f95-4a17-a0ff-ca96d0eeb79f,18500
init.c3426765-6b26-457f-adf3-d3d829f62e25,2000
init.d675376d-b35f-48d3-aa21-dd5250106f8a,1800
init.3de37fd0-6ab0-4a25-90ff-73a022cc1f16,933.34
init.58ecb4a8-c686-4873-ae69-3c75d45d3e23,1000
init.7557fe92-82b2-4f77-8104-5d992f290e87,2000
init.53bb2d5e-a39d-412f-82b1-043ff945a2b5,500
init.9fcb495c-647e-4db0-94c0-934ca0774409,26500
init.f0fffe3a-ab4f-46b5-a15c-017039650428,11500
init.6128a466-15d5-402a-93d2-2c5c5431417c,17000
init.a7e126cb-6045-4b3a-96cb-e46bc8d6c05c,6500
init.c6b19c1e-de9e-4a10-a5ad-2918d5e98bf9,4500
init.5d66b9b2-7262-4699-a2ca-8492dc43fd66,46100
init.8dd3ab60-0ffa-402d-923e-febe7e0d04b5,11000
init.dfc4d640-1ab8-4b8c-a90f-5ad2e18162d0,13000
init.97bfe858-e6c7-4509-b06f-9c0489be46d4,13000
init.73160ed4-e7fd-4983-9466-8768468cacdb,10000
init.827ffa2d-c5f4-4d8c-83cb-e7990d7130e6,32000
init.6c931957-b648-46cb-b021-a96cc32f0ff1,5000
init.9c1c512a-b0d0-4abe-ba39-24488425059f,100
init.3133e06b-3e0d-463c-a27c-3f2d14d20ccf,15000
init.12bcc620-d2d4-4968-a032-d956f893c90e,300
init.9a139f8a-db0e-4e5f-b8bb-b73b1e769172,3000
init.1bfc3913-5593-4306-9297-541fad08fd79,300
init.af91a6ca-1c93-4a3b-a44f-3a6bae3de79c,450
init.59abfb73-bc20-45f2-9888-f69cd8003449,1300
init.6b8ce408-4909-4edc-87f0-6a856f4f7294,5000
init.fc8c6bc1-4dc3-406b-92bb-d0d1f34c18eb,1000
init.6a76d20c-8b17-43e1-8f43-66089b7711fd,200
init.75426536-50fb-4f71-81c6-06f2277a406c,2000
init.b77b2146-1173-4c1c-b788-e3303a6f0c54,3500
init.ccc3ef2a-d07d-4b2c-a26c-73024bd5eacf,1000
init.c3468a8f-ea19-4abf-9f0e-b318bd2f4e55,7000
init.a334e047-7f89-4e4e-88f6-d99bb9ce1e26,6000
init.31b26b90-e8fe-47af-9771-86805f270fd7,1000
init.db5bf717-f20a-467b-828c-8ed36984c8d5,6500
init.a14a9244-2385-48b3-97cb-00df0cff240b,1200
init.be5b5aec-0147-4d76-9e8f-5252f74188d8,500
init.5aa469d4-ddc6-4044-9607-bb25518031f1,4500
init.251caad1-14f3-4d5a-9233-ef5077acd5b3,3500
init.e8d0cca7-f80f-4b70-8777-c158a4f996f4,4500
init.871b78c8-6f21-4e45-b2dc-a5a7f8d0e6b9,500
init.b931f08b-94e8-425a-878c-d651b29d7720,500
init.ce121aea-7dbe-4979-ac7d-07f1cb925b9f,9500
init.4bb01a22-772b-4553-a0c7-21ba66331f17,16000
init.b2306702-3f47-4910-885b-9c236dbc64b8,15500
init.55d1010c-485b-41eb-95c4-247259227038,13000
init.69f57aba-a1c3-4405-89b9-6425f94096fd,13000
init.db7df9f0-3d00-4ace-8143-1254b7b674c2,5000
init.079364b7-8669-42a1-b737-7bf5a87c8a20,5000
init.91aa626d-7a1c-4d95-847e-8a7181c19d0f,500
init.25fa8b99-f200-4e50-9407-630938a82288,500
init.634cc60c-29e1-45cc-b7a4-025682996acf,10500
init.e3661b89-123d-4946-96ea-791dc5b281cf,10500
init.c57d9595-4360-49ce-a349-4fdf1eab4921,15000
init.d02dc08f-e58c-4746-9c33-e68cbb54ad1b,13000
init.ab171e64-312a-4d38-a53a-1118fd4bc9ca,3000
init.73f09bac-54ee-45f6-ab97-e522b0d8902e,2000
init.89dbc90b-24bc-4c1c-b0a6-9adce52d29bd,10000
init.02ad134d-cb71-4b91-9ddd-5f77f64d74aa,3000
init.c37de897-ade8-4f6c-88fe-057a96d25d11,20000
init.7c914c11-cd98-4fd5-bbe1-a74d902c3e35,10000
init.4d3fc960-0546-4106-889e-3a0f5f05ff45,20000
init.455d4174-42ba-4819-89b5-f574e54baa42,150000
init.6060ba72-90a2-4ed1-9232-d0bc97c607e2,200000
init.67fce2a8-6d11-4355-b413-f109041ac4ae,25000
init.a8d698ff-f3d9-4fa8-9ea5-76f0e3be1c4a,5000
init.2ac65c1c-3403-46c1-8a5f-2278de6044e4,5000
init.d27b8ef7-0f5e-40ed-b3ca-7ec54071fc01,100000
init.63635c7e-dd5b-4374-8eec-17b68cc4297a,30000
init.4c554b15-3072-467f-b270-0211e35b0cbb,15000
init.c9f0148b-362a-4b11-9bc3-8c3428a9bbb4,20000
init.866e2e47-6bd1-42e9-a1b7-4c767bf062ac,50000
init.a1b41110-dfe2-4161-8484-7de04f366c77,60000
init.90f3f7b7-74e4-4c37-9d39-43640e8da4e1,40000
init.5ad1dfa8-5ed8-4fc0-872b-cfb63995d189,40000
init.8481dc52-6dc7-48c8-92f8-c718fb54408e,3000
init.3c82bf49-1a9d-44e6-a298-77051bfb90fa,800000
init.25d4f04d-cf46-4977-8ba8-fc36563285d5,800000
init.67e656c1-5445-4041-9479-cdb90acc08e2,800000
init.cacea2a4-12c7-4ae7-a7ad-76aa06ba0d70,20000
init.5a609990-2381-4d3c-b5ac-34d8f86fcb9d,5000
init.fb8c10d2-960b-450d-aa2b-71c1012031eb,500000
init.5f3d47e0-5774-416b-857d-fb89f5ecce31,500000
init.ad33b801-c6ef-4ae7-8e3e-59a6473069db,500000
init.a60958ec-1dda-4a5c-8ef6-c1648860168c,50000
init.eb2faf60-0143-48c7-8cee-3d0d6fec8b48,5000
init.97ab2203-63e4-42b9-bd36-5137fc68ef21,2000
init.d25215ec-8aea-4200-a04a-8cadc9f63a99,200000
init.44ab95bd-6db9-4d5b-a23c-3262431485c9,100000
init.c8d2387a-7c97-4a30-a2cd-a809925c157f,60000
init.81e0643c-a871-475e-8bd5-93945da8877d,100000
init.2bf1e34a-b886-4297-b25c-40e5ae4427d4,2000
init.4d713ce0-419e-4635-bb58-3654eeb533f4,10000
init.d180f2db-d7e8-4cab-8e35-d18c506e98da,40000
init.4913bd15-ea95-4109-bb1b-74f36ad197f7,10000
init.3cd4bfba-2832-4c92-8798-33ce3bfe8f1a,100000
init.56744335-40ae-4231-9bfa-01d9c68dd588,50000
init.0f2d8bab-e1b9-41ec-93d0-bc262fd19c98,10000
